id,name_e,name_j,name_c,filename,birthday,catchphrase,colors,favoriteSong,gender,hobby,personality,species,houseImage,wallpaper,flooring,furnitureList
26433,Cyrano,さくらじま,陽明,ant00,3/9,有的,"['黃色', '米色']",K.K.演歌,♂,學術,暴躁,食蟻獸,ant00_12_Cyrano,日式紙拉門,榻榻米,"['地爐', '日式床墊', '竹籃', '竹製擋車墩', '竹製燭台', '坐墊堆', '坐墊', '屏風']"
26434,Antonio,マコト,阿誠,ant01,10/20,真誠,"['淺藍', '藍色']",拉格泰姆音樂,♂,健康,運動,食蟻獸,ant01_13_Antonio,星星牆,木節地板,"['木製邊桌', '書堆', '木製書架', '木製單人床', '木製椅', '小型ＤＩＹ作業台', '木製桌', '木製矮櫃', '未完成的拼圖', 'TOY音響']"
26435,Pango,パトラ,佩希,ant02,11/9,希希,"['橘子', '紫色']",K.K.印度王公,♀,時尚,活力,食蟻獸,ant02_14_Pango,宮牆,金色鑄鐵拼花地板,"['東方風床鋪', '東方風屏風', '東方風矮桌', '黃金馬桶', '藤編矮桌', '藤編沙發', '東方風矮櫃', '留聲機', '古典浴缸']"
26436,Anabelle,あるみ,有美,ant03,2/16,真的假的,"['綠色', '藍色']",夏威夷K.K.,♀,時尚,活力,食蟻獸,ant03_15_Anabelle,綠色油漆木牆,黃色花朵地板,"['木製椅', '滾筒式洗衣機', '可愛DIY桌', '冰箱', '木製廢紙簍', '木製桌', '換氣扇', '攜帶型收音機', '木製邊桌', '燙衣組合', '木製單人床', '鑄鐵木廚房', '直立式攪拌機', '壁掛式風扇']"
26437,Snooty,こまち,貴妃,ant06,10/24,麻煩了,"['綠色', '黃色']",K.K.民謠,♀,學術,成熟,食蟻獸,ant06_16_Snooty,日式紙拉門,無邊榻榻米,"['和服架', '坐墊', '榻榻米床鋪', '竹屏風', '方形紙罩座燈', '坐墊堆', '爐灶廚房', '竹花瓶', '茶几', '竹製便當盒']"
26438,Annalisa,みやび,小雅,ant08,2/6,優雅,"['紅色', '粉色']",K.K.領主,♀,大自然,普通,食蟻獸,ant08_17_Annalisa,金箔日式拉門,榻榻米,"['日式床墊', '方形紙罩座燈', '竹球', '屏風', '竹製多寶架', '坐墊堆', '和室椅', '東方風矮桌', '青苔球', '豪華和服架']"
26439,Olaf,アントニオ,安東尼,ant09,5/19,歐啦,"['紅色', '黑色']",K.K.米隆加,♂,學術,自戀,食蟻獸,ant09_18_Olaf,黑色磚塊牆,紅色簡約地毯,"['古董床鋪', '古董玄關桌', '壁掛式聚光燈', '按摩浴缸', '毛巾架', '古董椅子', '古董時鐘', '撞球桌', '雙人座沙發']"
26440,Teddy,たいへいた,太平,bea00,9/26,太好了,"['黃色', '橘子']",K.K.老師,♂,健康,運動,熊,bea00_19_Teddy,木屋牆,軟木地板,"['圓木長沙發', 'ＤＩＹ作業台', '圓木床鋪', '圓木餐桌', '黃椰子', '圓木壁掛鐘', '花邊結壁毯', '圓木裝飾架', '手提唱片播放機']"
26441,pinky,だミン,紅鶴,bea01,9/9,哇喔,"['紅色', '粉色']",K.K.中華,♀,時尚,活力,熊,bea01_20_Pinky,竹子牆,花紋草蓆,"['東方風床鋪', '東方風屏風', '竹籃', '金魚', '東方風矮櫃', '東方風矮桌', '雙卡帶收音機', '中式茶具組合', '木製凳子', '迷你生態池']"
26442,Curt,ガンテツ,鐵熊,bea02,7/1,嗯唔,"['藍色', '白色']",昭和K.K.歌謠,♂,大自然,暴躁,熊,bea02_388_Curt,空地圍欄牆,空地地板,"['卡帶收音機', '野營飯盒', '睡袋', '洗衣盆', '迷你生態池', '紙箱椅', '曬衣繩', '泡澡汽油桶', '炊火', '紙箱', '露營爐具']"
26443,Chow,チャウヤン,朝陽,bea03,7/22,有喔,"['黑色', '白色']",K.K.中華,♂,健康,暴躁,熊,bea03_21_Chow,竹林牆,竹子地板,"['竹屏風', '竹屏風', '竹屏風', '竹製落地燈', '竹製落地燈', '竹籃', '流水素麵', '竹製驚嚇箱', '竹製驚嚇箱', '復活節地板', '留聲機']"
26444,Nate,バッカス,巴克思,bea05,8/16,嗯是,"['白色', '綠色']",森林生活,♂,玩耍,悠閒,熊,bea05_22_Nate,樹海牆,草原地板,"['書堆', '窯烤爐', '微型圖書館', '圓木凳子', '圓木花園躺椅', '圓木圓桌', '圓木凳子', '木桶', '攜帶型收音機', '野外圓木長椅']"
26445,Groucho,クロー,爪爪,bea06,10/23,哇哇,"['黑色', '灰色']",K.K.金屬搖滾,♂,音樂,暴躁,熊,bea06_23_Groucho,灰色鐵皮牆,骷髏地板,"['鑄鐵衣帽立架', '鑄鐵木DIY桌', '雙人座沙發', '擴音器', '鑄鐵櫃', '鑰匙掛勾', '鑄鐵工作桌', '電吉他ES1', 'TOY鏡子', 'TOY音響', '鑄鐵木矮桌', '露營床', '電漿球']"
26446,Tutu,れんにゅう,戀戀,bea07,9/15,加油,"['粉色', '紅色']",K.K.偶像,♀,時尚,活力,熊,bea07_24_Tutu,粉紅條紋壁紙,紅色點點地毯,"['可愛DIY桌', '可愛沙發', '可愛椅', '可愛床鋪', '空調', '可愛壁掛鐘', '可愛衣櫃', '可愛落地燈', '可愛茶桌', '滾筒式洗衣機', '可愛音樂播放器']"
26447,Ursala,ネーヤ,妮雅,bea08,1/16,呀吶,"['紅色', '橘子']",K.K.巴黎,♀,音樂,大姐姐,熊,bea08_25_Ursala,咖啡店窗簾牆,綠色六角磚地板,"['滾筒式洗衣機', '絲蘭', '鑄鐵木廚房', '木製邊桌', '木製雙人床', '自然風花園桌', '自然風花園椅', '鑄鐵木DIY桌', '冰箱', '可愛音樂播放器', '垂吊玻璃盆栽']"
26448,Grizzly,ムー,穆穆,bea09,7/31,熊熊,"['紅色', '黑色']",秘魯之歌,♂,學術,暴躁,熊,bea09_26_Grizzly,星空牆,沙漠地板,"['野營飯盒', '圓木凳子', '營火', '油燈', '睡袋', '圓木長椅', '露營爐具']"
26449,Paula,レイチェル,瑞秋,bea10,3/22,耶呼,"['橘子', '綠色']",K.K.迪斯可,♀,健康,大姐姐,熊,bea10_27_Paula,星星牆,草莓巧克力地板,"['可愛DIY桌', '雙人座沙發', '木製廢紙簍', '木製邊桌', '手提唱片播放機', '木製衣櫃', '木製矮櫃', '木製單人床', '木製矮桌', '軟木佈告欄']"
26450,Ike,ダイク,大功,bea11,5/16,施主,"['綠色', '藍色']",K.K.搖滾,♂,大自然,暴躁,熊,bea11_28_Ike,鐵捲門牆,鐵板地板,"['鑄鐵櫃', '鑄鐵木DIY桌', 'ＤＩＹ作業台', '露營床', '壁掛式聚光燈', '鑰匙掛勾', '電源總開關', '工具推車', '木製工具箱', '鑄鐵工作桌', '工具箱', '攜帶型收音機', '壁掛式工具掛勾']"
26451,Charlise,チャーミー,恰咪,bea12,4/17,唷咻,"['紅色', '橘子']",K.K.老師,♀,健康,大姐姐,熊,bea12_29_Charlise,行道樹牆,賽車賽道地板,"['球', '瑜伽球', '露營床', '球', '戶外長椅', '卡帶收音機', '籃框', '戶外桌', '飲料桶', '馬克杯']"
26452,Beardo,ベアード,熊大叔,bea13,9/27,咳咳,"['棕色', '藍色']",K.K.米隆加,♂,學術,自戀,熊,bea13_30_Beardo,藍色皇冠壁紙,紫色簡約地毯,"['古董時鐘', '鑄鐵衣帽立架', '雙人座沙發', '書房椅子', '古董小桌', '古董玄關桌', '書房桌子', '留聲機', '無線電話', '文件堆']"
26453,Klaus,クマロス,熊戰士,bea14,3/31,Over,"['灰色', '白色']",K.K.奏鳴曲,♂,學術,自戀,熊,bea14_31_Klaus,文藝復興牆,大理石地板,"['按摩浴缸', '坐浴桶', '無水箱馬桶', '沙灘巾', '陶製牛奶壺', '巨蟹座桌子', '水瓶座水瓶', '簡單壁板', '留聲機', '淋浴組合']"
26454,Megan,キャンディ,糖果,bea15,3/13,舔舔,"['黃色', '淺藍']",森林生活,♀,大自然,普通,熊,bea15_32_Megan,蜂巢牆,深色人字斜紋地板,"['木製單人床', '瓦斯爐連烤箱', '養蜂箱', '可可樹', '充氣沙發', '小型ＤＩＹ作業台', '浴缸', '鑄鐵壁架', '廚房掛勾', '樸素洗臉台', '木製邊桌', '毛巾架', '木製桌鏡', '迷你冰箱', '瀝水碗架']"
26455,Jay,ツバクロ,阿燕,brd00,7/17,呢喃,"['藍色', '淺藍']",K.K.鄉村,♂,健康,運動,鳥,brd00_33_Jay,木質牆,玫瑰木地板,"['圓木壁掛鐘', '迷你生態池', '圓木凳子', '圓木圓桌', '乾草床鋪', '小鳥水盆', '圓木長椅', '樸素DIY作業台', '攜帶型收音機', '椰子壁掛盤栽']"
26456,Robin,パーチク,喳喳,brd01,12/4,喳,"['淺藍', '紫色']",都市K.K.,♀,時尚,成熟,鳥,brd01_34_Robin,棕色植物圖案磚牆,棕色菱格紋磚地板,"['浴缸', '藤編梳妝台', '藤編邊桌', '藤編矮桌', '東方風屏風', '圓木花園躺椅', '藤編毛巾籃', '手提唱片播放機', '飾品架', '黃金柏', '黃金柏', '小鳥水盆']"
26457,anchovy,アンチョビ,鳳尾魚,brd02,3/4,如斯,"['七彩', '橘子']",拉格泰姆音樂,♂,玩耍,悠閒,鳥,brd02_35_Anchovy,拼木牆,紅色簡約地毯,"['撞球桌', '點唱機', '飛鏢靶', '桌型足球台', '鋼琴椅子', '直立式鋼琴', '彈珠台', '燈罩落地燈', '無扶手轉角沙發', '無扶手沙發', '無扶手沙發']"
26458,Twiggy,ピーチク,嘰嘰,brd03,7/13,嘰,"['粉色', '藍色']",K.K.偶像,♀,時尚,活力,鳥,brd03_36_Twiggy,白色植物圖案磚牆,灰色菱格紋磚地板,"['圓木花園躺椅', '浴缸', '藤編梳妝台', '藤編邊桌', '藤編矮桌', '東方風屏風', '藤編毛巾籃', '手提唱片播放機', '飾品架', '小鳥水盆', '黃金柏', '黃金柏']"
26459,Jitters,ジーニョ,紀諾,brd04,2/2,諾諾,"['黃色', '橘子']",K.K.好萊塢,♂,健康,運動,鳥,brd04_37_Jitters,體育場牆,草坪地板,"['球', '球', '優勝旗', '導演椅', '足球球門']"
26460,Piper,レイコ,麗婷,brd05,4/18,山雀,"['黑色', '白色']",K.K.電子民謠,♀,玩耍,活力,鳥,brd05_38_Piper,夜景牆,灰階配色拼接地毯,"['淋浴間', '藤編沙發', '古董床鋪', '藤編邊桌', '古董梳妝台', '壁掛式電視 50吋', '茶具組合', '古董玄關桌', '香氛機', '手提唱片播放機']"
26461,Admiral,イッテツ,李徹,brd06,1/27,貫徹,"['黑色', '藍色']",二段斜坡,♂,大自然,暴躁,鳥,brd06_39_Admiral,破爛泥土牆,榻榻米,"['爐灶廚房', '被爐', '坐墊', '復古風扇', '卡帶收音機', '柴火', '木製凳子', '和室椅', '松樹盆栽', '擺鐘', '木製邊桌', '轉盤式電話']"
26462,Midge,うずまき,小酒窩,brd08,3/12,臉紅,['粉色'],散散步,♀,學術,普通,鳥,brd08_40_Midge,黃色拼布牆,白色可愛磁磚地板,"['可愛DIY桌', '木製矮桌', '可愛椅', '古典浴缸', '可愛壁掛鐘', '可愛床鋪', '可愛衣櫃', '可愛梳妝台', '可愛茶桌', '可愛音樂播放器', '可愛沙發']"
26463,Jacob,ジャコテン,余板,brd11,8/24,話說,"['綠色', '紅色']",K.K.樂曲,♂,大自然,悠閒,鳥,brd11_41_Jakey,垃圾堆牆,垃圾堆地板,"['樸素DIY作業台', '野外圓木長椅', '乾草床鋪', '圓木凳子', '攜帶型收音機', '曬衣繩', '圓木樁', '紙箱', '垃圾袋']"
26464,Lucha,マスカラス,摔角鴉,brd15,12/12,嘎,"['黑色', '灰色']",K.K.西部,♂,健康,自戀,鳥,brd15_42_Lucha,職業摔角牆,職業摔角地板,"['舉重椅', '沙包', '紅色轉角', '中性色轉角', '速度球', '工具推車', '雙卡帶收音機']"
26465,Jacques,ジョッキー,趙奇,brd16,6/22,唷唷唷,"['綠色', '黑色']",電音節奏,♂,音樂,自戀,鳥,brd16_43_Jacques,混凝土牆,鐵板地板,"['餐館吧台椅', '監控攝影機', '餐館吧台桌', '餐館小桌', 'DJ台', '筆記型電腦', '餐館霓虹燈時鐘', '星星掛旗', '餐館吧台椅', '餐館霓虹燈招牌', '電子琴', '餐館沙發', '緊急逃生出口', '星星掛旗', '星星掛旗']"
26466,Peck,ふみたろう,文雄,brd17,7/25,噗噗,"['米色', '紅色']",我的歸所,♂,玩耍,運動,鳥,brd17_44_Peck,迷彩壁紙,藍色油漆地板,"['ＤＩＹ作業台', '積木音響', '龜背芋', 'TOY床鋪', '玩具箱', 'TOY屏風', 'TOY壁鐘', '積木凳子', 'TOY公仔', '木製邊桌', '電子鬧鐘', '壁掛式電視 20吋']"
26467,Sparro,ちゅんのすけ,周之翔,brd18,11/20,啁啁,"['綠色', '灰色']",我愛你,♂,玩耍,運動,鳥,brd18_45_Sparro,後院牆,空地地板,"['塑膠桶', '三輪車', '輪胎玩具', '沙坑', '鑄鐵木矮櫃', '鳥巢屋', '花園水龍頭', '輪胎玩具']"
26468,Angus,セルバンテス,施萬德,bul00,4/30,呼呼,"['紅色', '黑色']",K.K.卡利普索,♂,健康,暴躁,公牛,bul00_46_Angus,原木牆,紅黑色塑膠磚地板,"['飛鏢靶', '古董床鋪', '絲蘭', '古董寫字桌', '撞球桌', '鑄鐵木矮桌', '三角旗', '多媒體音響', '雙人座沙發', '古董小桌', '搖獎機']"
26469,Rodeo,ロデオ,羅迪歐,bul01,10/29,了不起,"['黑色', '紅色']",電音節奏,♂,健康,悠閒,公牛,bul01_47_Rodeo,混凝土牆,灰階配色拼接地毯,"['多媒體音響', '古董床鋪', '書房椅子', '望遠鏡', '書房桌子', '桌上型電腦', '木製廢紙簍', '木製矮櫃', '木製書架', '電漿球']"
26470,Stu,モーリス,毛樂時,bul03,4/20,奔馳,"['棕色', '米色']",K.K.鄉村搖滾,♂,大自然,悠閒,公牛,bul03_48_Stu,空地圍欄牆,人行道地板,"['電動滑板車', '電動滑板車', '紙箱床鋪', '電話亭', '手搖風琴', '世界的路標', '紙箱', '雙卡帶收音機', '登山車']"
26471,T-Bone,ボルシチ,羅宋,bul05,5/20,是唄,"['藍色', '黑色']",哥薩克樂曲,♂,學術,暴躁,公牛,bul05_49_T-Bone,美麗玻璃牆,阿拉伯式地板,"['古董床鋪', '雙人座沙發', '古董寫字桌', '垂吊玻璃盆栽', '龜背芋', '壁爐', '俄羅斯套娃', '古董小桌', '留聲機', '大提琴']"
26472,Coach,テッチャン,大常,bul07,4/29,鬍渣,"['藍色', '紅色']",K.K.老師,♂,健康,運動,公牛,bul07_50_Coach,空地圍欄牆,賽車賽道地板,"['球', '空氣循環扇', '壺鈴', '攀岩牆', '攀岩牆', '露營床', '壺鈴', '導演椅', '籃框', '攀岩牆', '戶外桌', '乳清蛋白搖搖杯', '飲料桶']"
26473,Vic,ノルマン,盧爾曼,bul08,12/29,哞,"['淺藍', '藍色']",K.K.進行曲,♂,健康,暴躁,公牛,bul08_51_Vic,汪洋大海牆,甲板地板,"['點唱機', '木桶', '圓木圓桌', '木製凳子', '木製凳子', '層架式廚房', '冷凍櫃', '木桶', '派對裝飾', '派對裝飾', '派對裝飾', '派對裝飾', '派對裝飾', '派對裝飾', '派對裝飾', '派對裝飾', '派對裝飾', '派對裝飾', '派對裝飾', '派對裝飾', '乳清蛋白搖搖杯']"
26474,Bob,ニコバン,阿判,cat00,1/1,貓貓,"['七彩', '紅色']",義大利麵,♂,玩耍,悠閒,貓,cat00_52_Bob,藍色兒童房壁紙,彩色巧拼地板,"['積木音響', '積木床鋪', '積木椅', '積木桌', '積木書櫃', '積木長椅', '積木矮櫃', '積木玩具', '玩具箱', '積木壁鐘']"
26475,Mitzi,マール,圓圓,cat01,9/25,喵,"['棕色', '米色']",K.K.情歌,♀,學術,普通,貓,cat01_53_Mitzi,藍色油漆木牆,淺色人字斜紋地板,"['木製矮櫃', '瓦斯爐連烤箱', '木製單人床', '冰箱', '木製矮桌', '鑄鐵壁架', '木製小桌', '貓草', '黃椰子']"
26476,Rosie,ブーケ,彭花,cat02,2/27,看看,"['粉色', '紅色']",K.K.偶像,♀,音樂,活力,貓,cat02_54_Rosie,紫色圓點壁紙,藍色油漆地板,"['可愛落地燈', '古典浴缸', '可愛茶桌', '可愛沙發', '可愛DIY桌', '可愛梳妝台', '可愛衣櫃', '可愛椅', '木製單人床', '可愛壁掛鐘', '木製穿衣鏡', '壁掛式電視 50吋', '可愛音樂播放器']"
26477,Olivia,オリビア,奧莉,cat03,2/3,什麼,"['白色', '黑色']",K.K.奏鳴曲,♀,音樂,成熟,貓,cat03_55_Olivia,紫色玫瑰壁紙,藍色簡約地毯,"['古董小桌', '古董玄關桌', '鋼琴椅子', '古董時鐘', '藤編矮桌', '雙人座沙發', '三角架鋼琴', '壁爐', '留聲機']"
26478,Kiki,キャビア,余子醬,cat04,10/8,醬醬,"['棕色', '米色']",只有我,♀,學術,普通,貓,cat04_56_Kiki,引人入勝牆,白色簡約地毯,"['古董椅子', '直立式鋼琴', '古董桌', '鋼琴圓椅', '鑄鐵木櫥櫃', '可愛音樂播放器', '布穀鳥鐘', '鑄鐵木廚房', '鑄鐵木DIY桌']"
26479,Tangy,ヒャクパー,純純,cat05,6/17,蜜柑,"['綠色', '黃色']",我愛你,♀,音樂,活力,貓,cat05_57_Tangy,橘子壁紙,綠色復古地板,"['椰子壁掛盤栽', '蘋果電視', '棕櫚樹燈', '梨子床鋪', '橘子邊桌', '蘋果椅', '櫻桃廣播喇叭', '桃子椅', '梨子衣櫃', '紙箱', '紙箱', '水果籃', '水果花圈', '桃子驚嚇箱', '橘子邊桌', '水果桶裝飲水機', '橘子壁掛鐘']"
26480,Punchy,ビンタ,爾光,cat06,4/11,晃晃,"['藍色', '淺藍']",森林生活,♂,玩耍,悠閒,貓,cat06_389_Punchy,藍色簡約布面牆,巧拼地墊地板,"['木製矮桌', '木製單人床', '可愛DIY桌', '木製小桌', '瓦斯爐連烤箱', '可愛音樂播放器', '冰箱', '木製矮櫃', '換氣扇', '貓草']"
26481,Purrl,たま,小玉,cat07,5/29,嗯嗯,"['灰色', '藍色']",K.K.讚美詩歌,♀,時尚,成熟,貓,cat07_58_Purrl,美麗玻璃牆,深色人字斜紋地板,"['古董床鋪', '古董時鐘', '古董玄關桌', '古董寫字桌', '雙人座沙發', '古董小桌', '古董衣櫥', '壁爐', '手提唱片播放機']"
26482,Moe,ジンペイ,仁平,cat08,1/12,吶,"['黑色', '灰色']",前天,♂,玩耍,悠閒,貓,cat08_59_Moe,藍色地鐵磚牆,條紋地板,"['可愛DIY桌', '木製矮桌', '積木矮櫃', '可愛音樂播放器', '積木壁鐘', 'TOY床鋪', 'TOY貨櫃', '玩具箱', '積木長椅', 'TOY衣櫃']"
26483,Kabuki,かぶきち,戈伍紀,cat09,11/29,咦唷,"['紫色', '紅色']",K.K.三味線,♂,音樂,暴躁,貓,cat09_60_Kabuki,練功房牆,榻榻米,"['竹屏風', '竹屏風', '蹲式馬桶', '日式床墊', '五右衛門泡澡桶', '盆栽架', '方形紙罩座燈', '木匾額']"
26484,Kid Cat,１ごう,阿一,cat10,8/1,喝,['紅色'],衝吧！K.K.摩托車手,♂,健康,運動,貓,cat10_61_Kid%20Cat,空地圍欄牆,空地地板,"['舉重椅', '塑膠桶', '單槓架', '汽油桶', '人孔蓋', '登山車', '籃框', '紙箱', '卡帶收音機']"
26485,Monique,ジェーン,珍珍,cat11,9/30,嗯哼,"['紫色', '粉色']",都市K.K.,♀,時尚,成熟,貓,cat11_62_Monique,米色摩洛哥磚牆,玫瑰木地板,"['藤編矮桌', '藤編梳妝台', '淋浴間', '百合唱片播放器', '藤編廢紙簍', '藤編衣櫃', '藤編床鋪', '藤編凳子', '藤編沙發', '滾筒式洗衣機', '毛巾架', '藤編邊桌', '藤編桌燈', '空調', '藤編毛巾籃']"
26486,Tabby,トラこ,小虎,cat12,8/13,喵吼,"['黑色', '灰色']",歐陸節拍,♀,音樂,活力,貓,cat12_63_Tabby,漫畫圖書館牆,虎紋地毯,"['日式床墊', '書堆', '木製書架', '冰箱', '抱枕', '液晶電視 50吋', '紙箱', '可愛音樂播放器', '馬桶', '紙箱', '鑄鐵木矮桌', '雜誌架', '瓦斯爐連烤箱', '書擋', '筆記型電腦', '開水壺']"
26487,Stinky,アセクサ,男子汗,cat13,8/17,打啊,"['紅色', '藍色']",K.K.佛朗明哥,♂,健康,運動,貓,cat13_64_Stinky,職業摔角牆,職業摔角地板,"['舉重椅', '雙卡帶收音機', '沙包', '槓鈴', '紙箱', '乳清蛋白搖搖杯', '藍色轉角', '鑄鐵工作桌', 'TOY公仔', '拳擊鐘']"
26488,Kitty,ショコラ,朱古莉,cat14,2/15,古古,"['綠色', '灰色']",K.K.讚美詩歌,♀,時尚,成熟,貓,cat14_65_Kitty,藍色線板牆,阿拉伯式地板,"['古董玄關桌', '古董床鋪', '直立式鋼琴', '雙人座沙發', '鋼琴椅子', '擺鐘', '壁爐', '留聲機']"
26489,Tom,バンタム,阿邦,cat15,12/10,關節,"['黑色', '灰色']",K.K.搖滾,♂,學術,暴躁,貓,cat15_66_Tom,鐵捲門牆,畫室地板,"['TOY床鋪', '導演椅', 'TOY床鋪', 'TOY床鋪', '電源總開關', '攜帶型收音機', 'ＤＩＹ作業台', '捲管器', '白鐵水桶', '輪胎堆', '工具推車', '壁掛式工具掛勾', '掃把畚箕組', '工具箱']"
26490,Merry,さっち,莎莎,cat16,6/29,喵嗯,"['粉色', '淺藍']",義大利麵,♀,時尚,活力,貓,cat16_67_Merry,珠簾牆,橘色復古地板,"['絲蘭', '滾筒式洗衣機', '雙人座沙發', '冰箱', '高級音響', '櫥櫃式廚房', '木製桌', '木製椅', '椰子壁掛盤栽']"
26491,Felicity,みかっち,美佳,cat17,3/30,哪,"['黃色', '橘子']",散散步,♀,時尚,活力,貓,cat17_68_Felicity,後院牆,草原地板,"['黃金柏', '黃金柏', '花園水龍頭', '圓木凳子', '可愛音樂播放器', '鑄鐵花園桌', '鑄鐵花園椅', '小鳥水盆', '鑄鐵花園長椅', '鳥巢屋', '吊床']"
26492,Lolly,ラムネ,檸檬娜,cat18,3/27,娜個,"['灰色', '粉色']",森林生活,♀,音樂,普通,貓,cat18_69_Lolly,拼木牆,綠色塑膠磚地板,"['雙人座沙發', '積木床鋪', '對開冰箱', '木製凳子', '積木矮櫃', '手提唱片播放機', '積木書櫃', '島式廚房', '小型ＤＩＹ作業台', '打鈴鬧鐘', '積木壁鐘', '壁掛式盆栽', '壁掛式盆栽']"
26493,Ankha,ナイル,艷后,cat19,9/22,尼羅,"['七彩', '棕色']",K.K.吉普賽,♀,大自然,成熟,貓,cat19_70_Ankha,埃及牆,金字塔地板,"['黃金馬桶', '金字塔', '壁掛式蠟燭', '黃金棺材', '天秤', '黃金棺材', '黃金棺材', '金條', '黃金餐具']"
26494,Rudy,チャス,茶茶,cat20,12/20,之類的,"['黃色', '米色']",K.K.藍調,♂,玩耍,運動,貓,cat20_71_Rudy,綠色兒童房壁紙,松木地板,"['積木音響', 'TOY壁鐘', '木製單人床', 'TOY貨櫃', '小型ＤＩＹ作業台', '木製矮櫃', '鑄鐵木收納推車', '迷你仙人掌組合', '木製小桌', 'TOY椅']"
26495,Katt,ちょい,巧巧,cat21,4/27,掰掰,"['紫色', '黑色']",K.K.迪斯可,♀,音樂,大姐姐,貓,cat21_72_Katt,白色洞洞板牆,鐵板地板,"['擴音器', '垃圾袋', '紙箱', '紙箱', '換氣扇', '電吉他ES2', '爵士鼓組合', 'ＤＩＹ作業台', '紙箱', '雜誌堆', '鑄鐵壁燈', '音效機櫃', '手提唱片播放機', '餐館沙發']"
26496,Raymond,ジャック,傑克,cat23,10/1,嚴肅,"['黑色', '灰色']",都市K.K.,♂,大自然,自戀,貓,cat23_73_Raymond,辦公室牆,灰階配色拼接地毯,"['辦公室桌子', '白板', '文件堆', '桌上型電腦', '桶裝飲水機', '辦公室椅子', '鑄鐵工作桌', '保險箱', '書房椅子', '壁鐘', '文件堆', '傳真機', '獎狀', '書房桌子', '馬克杯', '牛頓球']"
26497,Bluebear,グルミン,娃娃,cbr00,6/24,桃子,"['白色', '藍色']",只有我,♀,時尚,活力,幼獸,cbr00_74_Bluebear,藍色簡約布面牆,藍色點點地毯,"['可愛DIY桌', '可愛沙發', '可愛衣櫃', '可愛椅', '可愛床鋪', '可愛茶桌', '可愛壁掛鐘', '可愛音樂播放器', '可愛落地燈', '可愛梳妝台']"
26498,Maple,メープル,小楓,cbr01,6/15,熊仔,"['米色', '綠色']",森林生活,♀,學術,普通,幼獸,cbr01_75_Maple,綠色花草圖案牆,木節地板,"['瓦斯爐連烤箱', '木製單人床', '雜誌架', '鳥籠', '柴火暖爐', '媽媽抱枕', '火鶴花', '木製邊桌', '可愛音樂播放器', '迷你冰箱', '調味罐圓盤', '花邊結壁毯', '復古點點地毯', '木製矮桌', '雜誌', '馬克杯', '廚房掛勾', '小熊熊']"
26499,Poncho,ポンチョ,蓬蓬,cbr02,1/2,萌,"['橘子', '黃色']",K.K.藍調,♂,健康,運動,幼獸,cbr02_76_Poncho,藍色簡約布面牆,藍色油漆地板,"['毛巾架', '小型藍色簡約地墊', '小型藍色簡約地墊', '上下鋪', '滾筒式洗衣機', '軟木佈告欄', '藤編毛巾籃', '樸素洗臉台', '可可樹', '木製邊桌', '手提唱片播放機', '小型藍色簡約地墊', '淋浴間', '上下鋪', '海軍藍簡約浴室地墊', '上下鋪', '空調', '木製書架', '馬桶']"
26500,Pudge,きんぞう,阿欽,cbr03,6/11,真是的,"['綠色', '藍色']",散散步,♂,玩耍,悠閒,幼獸,cbr03_77_Pudge,綠色兒童房壁紙,彩色巧拼地板,"['積木音響', '積木矮櫃', '積木床鋪', '鑄鐵木矮櫃', '鑄鐵木收納推車', '兒童椅', '積木書櫃', '積木玩具', '積木凳子', '玩具箱', '積木壁鐘', '鑄鐵木椅']"
26501,Kody,アイダホ,艾德豪,cbr04,9/28,精神,"['七彩', '白色']",我的歸所,♂,健康,運動,幼獸,cbr04_78_Kody,藍色兒童房壁紙,藍色點點地毯,"['TOY床鋪', 'TOY衣櫃', '木製桌', '積木凳子', '小型ＤＩＹ作業台', 'TOY貨櫃', '木製邊桌', '木製凳子', '打鈴鬧鐘', '木製矮櫃', 'TOY壁鐘', 'TOY公仔', '可愛音樂播放器']"
26502,Stitches,パッチ,玩具熊,cbr05,2/10,玩玩,"['七彩', '白色']",我愛你,♂,玩耍,悠閒,幼獸,cbr05_79_Stitches,藍色拼布牆,拼花磚地板,"['媽媽抱枕', '積木玩具', '玩具箱', '木製單人床', '兒童椅', '媽媽玩偶', '木製矮櫃', '活潑媽媽廚房地墊', '可愛音樂播放器', '積木凳子', '媽媽筆筒', '木製小桌', '媽媽衛生紙盒', '木製矮桌', '黏土玩具', '兒童認知海報', '媽媽刺繡裝飾', '黃色格紋拼布地毯', '小熊熊']"
26503,Vladimir,ガビ,嘉弼,cbr06,8/2,唉唷,"['黃色', '七彩']",K.K.刑警,♂,玩耍,暴躁,幼獸,cbr06_80_Vladimir,空地圍欄牆,廢墟地板,"['鑄鐵木DIY桌', '卡帶收音機', '露營床', '塑膠桶', '人孔蓋', '鋼筋', '冰桌', '鋼筋', '自動販賣機', '壁掛式工具掛勾', '冰桌']"
26504,Murphy,のりお,憲雄,cbr07,12/29,罷了,"['藍色', '白色']",K.K.非洲音樂,♂,學術,暴躁,幼獸,cbr07_81_Murphy,樹海牆,叢林地板,"['野外圓木長椅', '樸素DIY作業台', '火把', '圓木凳子', '卡帶收音機', '石水盆', '圓木圓桌', '油燈', '圓木花園躺椅']"
26505,Olive,ピッコロ,畢克蘿,cbr09,7/12,馬克杯,"['棕色', '黃色']",義大利麵,♀,大自然,普通,幼獸,cbr09_82_Olive,白色簡約布面牆,薄荷綠點點地毯,"['木製單人床', '木製書架', '木製廢紙簍', '軟木佈告欄', '木製矮桌', '兒童認知海報', '木製桌鏡', '雲朵地毯', '木製邊桌', '木製矮櫃', '學習椅', '學習書桌', '木製小桌', '打鈴鬧鐘', '書擋', '攜帶型收音機', '地球儀']"
26506,Cheri,アセロラ,櫻桃,cbr10,3/17,開玩笑的,"['黃色', '淺藍']",K.K.迪斯可,♀,時尚,活力,幼獸,cbr10_83_Cheri,紅色圓點壁紙,白色簡約地毯,"['木製書架', '瓦斯爐連烤箱', '絲蘭', '雙人座沙發', '古典浴缸', '廚房掛勾', '淋浴組合', '毛巾架', '自然色木甲板地毯', '可愛床鋪', '鑄鐵工作桌', '無水箱馬桶', '可愛茶桌', '自然色木甲板地毯', '料理秤', '紙箱', '可愛音樂播放器', '迷你冰箱', '調味罐圓盤']"
26507,June,メイ,阿妹,cbr13,5/21,有耶,"['白色', '紅色']",動物島,♀,大自然,普通,幼獸,cbr13_390_June,水平線牆,星星沙灘地板,"['貝殼拱門', '貝殼床鋪', '貝殼廣播喇叭', '貝殼燈', '貝殼噴泉', '貝殼屏風']"
26508,Pekoe,ジャスミン,佳敏,cbr14,5/18,佳佳,"['紅色', '米色']",K.K.中華,♀,大自然,普通,幼獸,cbr14_84_Pekoe,中華風牆,竹子地板,"['東方風屏風', '東方風屏風', '東方風床鋪', '東方風矮櫃', '櫻花樹枝', '留聲機', '中式燈籠', '東方風矮桌', '中式茶具組合', '東方風裝飾架']"
26509,Chester,パンタ,胖達,cbr15,8/6,竹子,"['黃色', '綠色']",K.K.中華,♂,玩耍,悠閒,幼獸,cbr15_85_Chester,竹林牆,竹子地板,"['流水素麵', '竹製驚嚇箱', '竹廣播喇叭', '復活節地板', '竹製便當盒', '竹筍燈', '竹筍燈', '復活節地板', '紅地毯', '熊貓小小']"
26510,Barold,ニッシー,阿西,cbr16,3/2,算了,"['黃色', '黑色']",K.K.樂曲,♂,玩耍,悠閒,幼獸,cbr16_86_Barold,監控室牆,灰階配色拼接地毯,"['淋浴間', '上下鋪', '置物櫃', '睡袋', '電源總開關', '辦公室桌子', '筆記型電腦', '攜帶型收音機', '辦公室椅子', '伺服器', '桶裝飲水機', '壁掛式電話', '壁掛式電話', '紙箱', '監控攝影機', '書堆', '鋁箔地墊']"
26511,Tammy,アネッサ,然姐,cbr17,6/23,竟然說,"['紅色', '紫色']",歐陸節拍,♀,玩耍,大姐姐,幼獸,cbr17_87_Tammy,黃色布牆,長頸鹿紋地板,"['可愛沙發', '可愛音樂播放器', '可愛床鋪', '可愛DIY桌', '黃椰子', '木製穿衣鏡', '雜誌架', '木製廢紙簍', '壁掛式電視 50吋', '中央暖氣', '小型橘色簡約地墊', '黃色訊息地墊']"
26512,Judy,みすず,美玲,cbr19,3/10,哎呀,"['粉色', '白色']",K.K.搖籃曲,♀,音樂,成熟,幼獸,cbr19_88_Judy,星星牆,藍色點點地毯,"['星星掛旗', '星星掛旗', '星星掛旗', '星星掛旗', '積木床鋪', '星星掛旗', '星星掛旗', '積木桌', '星星掛旗', '積木壁鐘', '積木長椅', '積木凳子', '星星掛旗', '星星掛旗', '星星掛旗', '星星掛旗', '星星掛旗', '加濕器', '積木椅', '積木書櫃', '打鈴鬧鐘', '積木矮櫃', '積木音響']"
26513,Goose,ケンタ,肯肯,chn00,10/4,咕咕,"['藍色', '白色']",K.K.鄉村,♂,健康,運動,果然,chn00_89_Goose,綠色油漆木牆,藝術嵌木地板,"['木製桌', '木製椅', '小型ＤＩＹ作業台', '木製單人床', '瓦斯爐連烤箱', '冰箱', '木製邊桌', '卡帶收音機', '木製矮櫃', '三角旗', '迷你仙人掌組合']"
26514,Benedict,ぺしみち,沛希,chn01,10/10,好棒,"['藍色', '紫色']",我愛你,♂,玩耍,悠閒,果然,chn01_90_Benedict,後院牆,草坪地板,"['充氣沙發', '三輪車', '可愛音樂播放器', '充氣泳池', '捲管器', '花園水龍頭', '沙灘巾', '烤肉爐', '泳圈', '狗屋']"
26515,Egbert,しもやけ,黃金雞,chn02,10/14,很優,"['米色', '棕色']",愛爾蘭樂曲,♂,玩耍,悠閒,果然,chn02_91_Egbert,木屋牆,木節地板,"['沙灘巾', '沙灘巾', '桶裝飲水機', '淋浴間', '三溫暖電暖爐', '三溫暖電暖爐', '圓木長沙發', '圓木長沙發', '圓木壁掛鐘', '象牙色簡約浴室地墊', '象牙色簡約浴室地墊', '圓木長椅', '象牙色簡約浴室地墊', '沙漏', '藤編毛巾籃']"
26516,Ava,ドミグラ,陶米咕,chn05,4/28,是唷,"['紅色', '灰色']",K.K.情歌,♀,音樂,普通,果然,chn05_92_Ava,白色玫瑰壁紙,白色簡約地毯,"['木製廢紙簍', '可愛音樂播放器', '木製雙人床', '木製矮櫃', '櫥櫃式廚房', '壁掛式電視 50吋', '木製穿衣鏡', '洗衣機', '曬衣架', '木製矮桌', '粉紅色玫瑰地毯', '燙衣組合']"
26517,Becky,アリア,詠旋,chn09,12/9,哈雷路亞,"['紫色', '粉色']",K.K.讚美詩歌,♀,音樂,成熟,果然,chn09_93_Becky,宮殿牆,宮殿地板,"['古董時鐘', '大提琴', '古董小桌', '留聲機', '小提琴', '樂譜架', '三角架鋼琴', '鋼琴椅子', '豎琴']"
26518,Plucky,パタヤ,帕塔雅,chn10,10/12,泰泰,"['淺藍', '黃色']",動物島,♀,玩耍,大姐姐,果然,chn10_94_Plucky,南方海洋牆,星星沙灘地板,"['雙卡帶收音機', '衝浪板', '衝浪板', '衝浪板', '衝浪板', '衝浪板', '藤編邊桌', '冰棒', '衝浪板', '休閒塑膠椅', '菜單黑板', '路邊攤', '舊草蓆', '星星沙灘地板', '冰棒']"
26519,Knox,キンカク,金閣,chn11,11/23,等待,"['棕色', '紅色']",K.K.讚美詩歌,♂,學術,暴躁,果然,chn11_95_Knox,宮殿牆,宮殿地板,"['直立式鋼琴', '水瓶座水瓶', '紅地毯', '紅地毯', '黃金棺材', '黃金棺材', '黃金棺材', '黃金棺材', '黃金燭台', '黃金燭台', '黃金燭台', '黃金燭台', '巨蟹座桌子', '留聲機']"
26520,Broffina,カサンドラ,凱西,chn12,10/24,咯咯,"['黑色', '紅色']",K.K.佛朗明哥,♀,音樂,成熟,果然,chn12_96_Broffina,紫色摩洛哥磚牆,玫瑰木地板,"['按摩浴缸', '古董玄關桌', '直立式鋼琴', '鋼琴圓椅', '柴火暖爐', '黃椰子', '古董小桌', '淋浴組合', '留聲機', '壁掛式電視 50吋', '玫瑰床鋪', '古董時鐘', '倒掛乾燥花']"
26521,Ken,クロベエ,烏骨雞,chn13,12/23,骨雞,"['紫色', '藍色']",K.K.大和祭典,♂,學術,自戀,果然,chn13_97_Ken,標準茶室牆,榻榻米,"['和室椅', '地爐', '榻榻米床鋪', '方形紙罩座燈', '竹廣播喇叭', '竹凳子', '松樹盆栽', '日本刀', '木匾額', '掛軸']"
26522,Patty,カルピ,阿排,cow00,5/10,牟,"['橘子', '紅色']",K.K.卡利普索,♀,時尚,活力,牛,cow00_98_Patty,後院牆,花草地板,"['鳥籠', '吊床', '樸素DIY作業台', '自然風花園桌', '曬衣竿', '自然風花園椅', '黃金柏']"
26523,Tipper,まきば,牧牧,cow01,8/25,牛奶,"['七彩', '粉色']",K.K.心靈音樂,♀,時尚,成熟,牛,cow01_99_Tipper,白色大廳牆,大理石地板,"['鋼琴椅子', '雙人座沙發', '古董床鋪', '滾筒式洗衣機', '古典浴缸', '毛巾架', '落地燈', '洗臉台', '三角架鋼琴', '木製矮櫃', '手提唱片播放機']"
26524,Norma,いさこ,晨曦,cow06,9/20,微笑,"['白色', '淺藍']",阿爾卑斯山樂曲,♀,大自然,普通,牛,cow06_100_Norma,高原牆,草原地板,"['柴火', '乾草床鋪', '圓木圓桌', '奶油攪拌器', '窯烤爐', '圓木長椅', '野餐籃', '木桶', '切菜板']"
26525,Naomi,ハナコ,玉蘭,cow07,2/28,這樣很好,"['七彩', '紫色']",K.K.米隆加,♀,時尚,成熟,牛,cow07_101_Naomi,紅色裝飾線板壁紙,大廳地板,"['留聲機', '古董床鋪', '古董玄關桌', '古董寫字桌', '古董衣櫥', '古董椅子', '雙人座沙發', '古董時鐘', '古董梳妝台', '古董電話']"
26526,Alfonso,アルベルト,阿泥,crd00,6/9,鱷泥,"['紅色', '藍色']",森林生活,♂,玩耍,悠閒,鱷魚,crd00_102_Alfonso,黃色兒童房壁紙,綠色六角磚地板,"['TOY屏風', '積木音響', '學習書桌', '積木床鋪', '玩具箱', '鑄鐵木收納推車', '積木壁鐘', '兒童認知海報', 'TOY衣櫃', '小便斗', '學習椅']"
26527,Alli,クロコ,鱷羅思,crd01,11/8,鱷魚皮,"['黃色', '棕色']",K.K.靈魂樂,♀,時尚,成熟,鱷魚,crd01_103_Alli,樹海牆,玫瑰木地板,"['藤編梳妝台', '藤編矮桌', '高級音響', '藤編邊桌', '藤編衣櫃', '藤編沙發', '加濕器', '藤編床鋪', '燈罩落地燈', '垂吊玻璃盆栽']"
26528,boots,ながぐつ,長靴,crd02,8/7,跳,"['七彩', '紫色']",流浪,♂,玩耍,運動,鱷魚,crd02_104_Boots,田園風景牆,土壤地板,"['乾草床鋪', '樸素DIY作業台', '石水盆', '簡約水井', '稻草人', '圓木凳子', '世界的路標', '復活節地板', '獨輪推車', '攜帶型收音機', '竹製便當盒']"
26529,Del,ヤマト,大和,crd04,5/27,噗咻,"['藍色', '白色']",思考中,♂,健康,暴躁,鱷魚,crd04_105_Del,工廠牆,甲板地板,"['鑄鐵櫃', '鑄鐵木DIY桌', '鑄鐵工作桌', '鑰匙掛勾', '汽油桶', '汽油桶', '壁掛式工具掛勾', '摺疊椅', '摺疊椅', '戶外發電機', '清洗用水槽', '齒輪', '齒輪', '鑄鐵工作桌', '工具推車', '一斗罐', '桌遊', '齒輪']"
26530,Sly,ハイド,海德,crd06,11/15,唰唰,"['棕色', '綠色']",K.K.非洲音樂,♂,玩耍,運動,鱷魚,crd06_106_Sly,叢林壁紙,叢林地板,"['TOY屏風', '露營床', '樸素DIY作業台', '圓木凳子', '菊花棒', '菊花棒', '落葉炊火', '玩具蜈蚣', '百合棒', '綠色落葉', '百合棒', '冰之棒', '冰之棒']"
26531,Gayle,アリゲッティ,愛莉,crd07,5/17,鱷莉,"['粉色', '白色']",K.K.偶像,♀,大自然,普通,鱷魚,crd07_107_Gayle,粉紅色拼布牆,松木地板,"['可愛DIY桌', '可愛床鋪', '可愛椅', '可愛梳妝台', '可愛沙發', '落地燈', '木製矮桌', '可愛壁掛鐘', '馬克杯', '可愛茶桌', '可愛音樂播放器']"
26532,Drago,タツオ,阿龍,crd08,2/12,然後,"['橘子', '紅色']",K.K.中華,♂,大自然,悠閒,鱷魚,crd08_108_Drago,宮牆,王朝地板,"['東方風屏風', '櫻花樹枝', '櫻花樹枝', '中式椅子', '中式餐桌', '中式燈籠', '中式燈籠', '東方風矮櫃', '留聲機', '東方風裝飾架', '東方風矮櫃', '海馬模型']"
26533,Fauna,ドレミ,音音,der00,3/26,小鹿,"['米色', '白色']",散散步,♀,大自然,普通,鹿,der00_109_Fauna,紅色磚塊牆,薄荷綠點點地毯,"['積木床鋪', '積木書櫃', '廚房掛勾', '瓦斯爐連烤箱', '積木椅', '積木矮櫃', '手提唱片播放機', '積木桌', '迷你冰箱', '切菜板', '布穀鳥鐘', '托盤茶几', '樹果燈', '積木凳子', '書擋']"
26534,Bam,タケル,小健,der01,11/7,梅花,"['綠色', '棕色']",K.K.藍調,♂,玩耍,運動,鹿,der01_110_Bam,混凝土牆,藍色塑膠地板,"['置物櫃', '摺疊椅', '摺疊椅', '可愛音樂播放器', '清洗用水槽', '藍色轉角', '乒乓球桌', '戶外桌', '書堆', '白板', '壁掛式風扇']"
26535,Zell,ネルソン,森森,der02,6/7,鹿營,"['紫色', '灰色']",K.K.搖擺樂,♂,音樂,自戀,鹿,der02_0_Zell,夜景牆,灰階配色拼接地毯,"['三角架鋼琴', '撞球桌', '龜背芋', '藤編沙發', '藤編沙發', '古董玄關桌', '留聲機', '垂吊玻璃盆栽', '藤編邊桌', '玻璃燭台', '鋼琴椅子']"
26536,Bruce,ブルース,布鹿斯,der03,5/26,福鹿壽,"['黑色', '紅色']",K.K.藍調,♂,大自然,暴躁,鹿,der03_111_Bruce,街頭藝術牆,畫室地板,"['雙卡帶收音機', '電動滑板車', '登山車', '汽油桶', '冰桌', '籃框', '人孔蓋', '紙箱沙發', '路燈', '電話亭', '鐵桶', '鋼筋']"
26537,Deirdre,ナディア,娣雅,der04,5/4,隨便啦,['橘子'],K.K.巴薩諾瓦,♀,玩耍,大姐姐,鹿,der04_112_Deirdre,楓葉牆,楓葉地板,"['樸素DIY作業台', '圓木凳子', '蘑菇桌', '可愛音樂播放器', '樹果拱門', '蘑菇凳子', '蘑菇燈', '吊床', '蘑菇樹幹', '樹果掛飾', '樹果燈']"
26538,Lopez,トムソン,湯姆,der05,8/20,變了,['灰色'],K.K.爵士樂,♂,學術,自戀,鹿,der05_113_Lopez,拼木牆,拼木地板,"['柴火暖爐', '冰箱', '鑄鐵木床鋪', '搖椅', '鑄鐵木廚房', '古董玄關桌', '手提唱片播放機', '鑄鐵木時鐘', '小鹿裝飾品', '鑄鐵木收納推車', '義式咖啡機', '鑄鐵木櫥櫃', '微波爐', '料理秤', '小型象牙色圓地墊', '復活節氣球B']"
26539,Fuchsia,ジェシカ,潔西卡,der06,9/19,西卡,['粉色'],K.K.搖滾,♀,音樂,大姐姐,鹿,der06_114_Fuchsia,粉紅鐵皮牆,茶色花朵地板,"['雙人座沙發', '龜背芋', '可愛衣櫃', '鑄鐵木收納推車', '可愛DIY桌', '書桌床組', '可愛音樂播放器', '擴音器', '可愛落地燈', '壁掛式電視 50吋', '可愛壁掛鐘', '電吉他ES1']"
26540,Beau,ペーター,彼得,der07,4/5,怎麼辦,"['米色', '橘子']",阿爾卑斯山樂曲,♂,大自然,悠閒,鹿,der07_115_Beau,高原牆,草原地板,"['窯烤爐', '柴火', '石水盆', '睡袋', '煙燻爐', '圓木長椅', '賞花組合', '藍色塑膠墊', '雙卡帶收音機', '野餐籃']"
26541,Diana,ナタリー,倪家莉,der08,1/4,是吧,"['紫色', '粉色']",再會,♀,學術,成熟,鹿,der08_116_Diana,白色植物圖案磚牆,大理石地板,"['沙灘巾', '藤編矮桌', '按摩浴缸', '淋浴組合', '貝殼床鋪', '藤編梳妝台', '小鹿裝飾品', '百合唱片播放器', '壁爐', '藤編邊桌', '擴香棒']"
26542,Erik,チャック,查克,der09,7/27,鹿鹿,"['米色', '紅色']",兜風,♂,大自然,悠閒,鹿,der09_117_Erik,滑雪場壁紙,滑雪場地板,"['雪橇', '冰桌', '可愛音樂播放器', '冰床鋪', '冰吧台', '冰隔板', '冰椅子']"
26543,Goldie,キャラメル,牛奶糖,dog00,12/27,汪,"['黃色', '橘子']",K.K.巴薩諾瓦,♀,大自然,普通,狗,dog00_118_Goldie,拼木牆,淺色拼花地板,"['雙人座沙發', '鋼琴椅子', '小型象牙色圓地墊', '小型ＤＩＹ作業台', '積木書櫃', '積木矮櫃', '積木床鋪', '桌燈', '花邊結壁毯', '可愛音樂播放器', '積木桌', '直立式鋼琴']"
26544,Butch,ジョン,約翰,dog01,11/1,儂,"['藍色', '灰色']",K.K.西部,♂,音樂,暴躁,狗,dog01_119_Butch,曠野牆,高速公路地板,"['TOY床鋪', '汽油桶', '冰桌', '電話亭', '樸素木製招牌', '施工告示牌', '雙卡帶收音機', 'TOY床鋪', '復古加油機', '儲油桶']"
26545,Lucky,ラッキー,大吉,dog02,11/4,大概,"['米色', '白色']",驚悚歌,♂,玩耍,悠閒,狗,dog02_120_Lucky,廢墟牆,泥沼地板,"['白鐵水桶', '火把', '火把', '洋風墓碑', '洋風墓碑', '洋風墓碑', '紅色落葉', '骨骼標本', 'TOY音響']"
26546,Biskit,ロビン,羅賓,dog03,5/13,狗狗,"['紫色', '七彩']",K.K.曼波,♂,玩耍,悠閒,狗,dog03_121_Biskit,後院牆,草坪地板,"['三輪車', '白鐵水桶', '野餐籃', '花園水龍頭', '捲管器', '公園攀爬架', '圓木凳子', '吊床', '可愛音樂播放器', '割草機', '黃色塑膠墊']"
26547,Bones,トミ,阿富,dog04,8/4,對吧,"['米色', '棕色']",K.K.練習曲,♂,玩耍,悠閒,狗,dog04_122_Bones,圖書館牆,淺色嵌木地板,"['木製書架', '學校椅子', '學校椅子', '紙箱', '卡帶收音機', '木製書架', '木製書架', '木製書架', '辦公室椅子', '講堂桌子', '作業文具組合', '塑膠刮泥墊', '講堂桌子', '書堆', '紙箱', '書堆']"
26548,Portia,ブレンダ,傅蘭,dog05,10/25,屋屋,"['紫色', '黑色']",K.K.迪斯可,♀,時尚,成熟,狗,dog05_123_Portia,藍色摩洛哥磚牆,玫瑰木地板,"['滾筒式洗衣機', '玫瑰床鋪', '對開冰箱', '古董梳妝台', '倒掛乾燥花', '毛巾架', '鑄鐵木櫥櫃', '直立式攪拌機', '料理秤', '島式廚房', '果汁機', '廚房掛勾', '鑄鐵工作桌', '義式咖啡機', '手提唱片播放機']"
26549,Walker,ベン,阿笨,dog06,6/10,咆,"['橘子', '紅色']",前天,♂,玩耍,悠閒,狗,dog06_124_Walker,黃色兒童房壁紙,彩色拼接地毯,"['學習書桌', '學習椅', '木製書架', '木製單人床', '可愛音樂播放器', '媽媽抱枕', '木製邊桌', '打鈴鬧鐘', '積木凳子', '玩具箱', '木製矮櫃', '兒童認知海報', '地球儀']"
26550,Daisy,バニラ,香草,dog07,11/16,對不對,"['七彩', '藍色']",森林生活,♀,學術,普通,狗,dog07_125_Daisy,藍色花草圖案牆,白色簡約地毯,"['木製書架', '絲蘭', '學習書桌', '學習椅', '木製矮櫃', '可愛音樂播放器', '打鈴鬧鐘', '木製矮桌', '茶具組合', '木製雙人床', '液晶電視 50吋', '雪花地毯']"
26551,Cookie,ペリーヌ,珮琳,dog08,6/18,琳琳,"['綠色', '淺藍']",K.K.偶像,♀,時尚,活力,狗,dog08_126_Cookie,粉紅色拼布牆,原木地板,"['木製矮桌', '可愛床鋪', '可愛梳妝台', '可愛DIY桌', '可愛沙發', '可愛衣櫃', '可愛落地燈', '可愛茶桌', '可愛壁掛鐘', '可愛音樂播放器', '粉紅色愛心地毯']"
26552,Maddie,マロン,麻蓉,dog09,1/11,一二,"['紫色', '粉色']",散散步,♀,玩耍,活力,狗,dog09_127_Maddie,高原牆,花草地板,"['可愛音樂播放器', '賞花組合', '桌遊', '水果籃', '登山車', '充氣沙發', '保冷箱', '野餐籃', '圓木長椅', '保溫湯鍋', '飲料桶', '桃紅色格紋拼布地毯']"
26553,Bea,ベーグル,貝果,dog10,10/15,賓果,"['淺藍', '綠色']",兜風,♀,大自然,普通,狗,dog10_128_Bea,黑板牆,軟木地板,"['藤編沙發', '講堂桌子', '龜背芋', '菜單黑板', '廚房掛勾', '講堂桌子', '筆記型電腦', '可愛音樂播放器', '餐館吧台桌', '保溫湯鍋', '保溫湯鍋', '餐館吧台桌', '保溫湯鍋', '保溫湯鍋', '層架式廚房', '鑄鐵玄關地墊', '餐館吧台桌', '義式咖啡機', '水果桶裝飲水機', '開水壺']"
26554,Mac,チャンプ,金牌,dog14,11/11,摘,"['紅色', '黑色']",我的歸所,♂,健康,運動,狗,dog14_1_Mac,常春藤牆,空地地板,"['花園水龍頭', '樸素DIY作業台', '狗屋', '充氣泳池', '寵物床', '曬衣繩', '吊床', '捲管器', '洗衣盆', '圓木長椅', '油燈', '攜帶型收音機']"
26555,Marcel,もんじゃ,文字燒,dog15,12/31,什麼字,"['綠色', '藍色']",昭和K.K.歌謠,♂,玩耍,悠閒,狗,dog15_129_Marcel,現代日式紙拉門,燈心草榻榻米,"['洗衣盆', '和室椅', '被爐', '日式床墊', '坐墊', '竹廣播喇叭', '方形紙罩座燈', '茶色木甲板地毯', '坐墊堆', '茶色木甲板地毯', '爐灶廚房', '竹凳子', '金魚']"
26556,Benjamin,ハチ,小八,dog16,8/3,那麼那麼,"['紅色', '白色']",K.K.老師,♂,大自然,悠閒,狗,dog16_130_Benjamin,常見牆,常見地板,"['置物櫃', '木製書架', '學校椅子', '講桌', '紙箱', '學校椅子', '黑板', '可愛音樂播放器', '積木書櫃', '學校桌子', '書擋', '作業文具組合', '掃把畚箕組', '學校桌子', '兒童認知海報', '水彩用具組合']"
26557,cherry,さくらんぼ,櫻桃,dog17,5/11,聽說娜,"['黑色', '紫色']",鼓打貝斯,♀,音樂,大姐姐,狗,dog17_131_Cherry,夜景牆,骷髏地板,"['玫瑰床鋪', '按摩浴缸', '沙灘巾', '層架式廚房', '鑄鐵木DIY桌', '古董小桌', '擴香棒', '毛巾架', '菊花抱枕', '淋浴組合', '菊花抱枕', '黑色木甲板地毯']"
26558,Shep,ボブ,包伯,dog18,11/24,汪想想,"['淺藍', '藍色']",K.K.搖擺樂,♂,學術,自戀,狗,dog18_132_Shep,木屋牆,木節地板,"['柴火暖爐', '鑄鐵木DIY桌', '淋浴間', '迷你冰箱', '圓木床鋪', '瓦斯爐連烤箱', '廚房掛勾', '小鹿裝飾品', '圓木裝飾架', '打鈴鬧鐘', '磁鐵刀架', '紅色基里姆地毯', '復古立體音響']"
26559,Bill,ピータン,皮蛋,duk00,2/1,或許鴨,"['藍色', '紫色']",K.K.中華,♂,玩耍,運動,鴨,duk00_133_Bill,竹簾牆,竹子地板,"['爐灶廚房', '東方風屏風', '廚房掛勾', '東方風矮櫃', '紅地毯', '留聲機', '櫻花樹枝', '石水盆～櫻花～', '東方風裝飾架', '復活節地板', '蒸籠', '蒸籠', '中式餐桌', '中式椅子', '中式椅子', '中式燈籠']"
26560,Joey,リチャード,李察,duk01,1/3,鴨鴨,"['綠色', '藍色']",船歌2001,♂,玩耍,悠閒,鴨,duk01_134_Joey,南方海洋牆,沙灘地板,"['泳圈', '藤編毛巾籃', '充氣泳池', '沙灘球', '舊長靴', '沙堆城堡', '雙卡帶收音機', '椰子水', '南方小島地毯', '沙灘瞭望台']"
26561,Pate,ナッキー,愛哭鬼,duk02,2/23,嗚嗚,"['黃色', '白色']",K.K.靈魂樂,♀,時尚,活力,鴨,duk02_135_Pate,藍色地鐵磚牆,麻葉紋磚地板,"['垂吊玻璃盆栽', '淋浴組合', '藤編床鋪', '藤編衣櫃', '藤編矮桌', '綠色簡約浴室地墊', '藤編梳妝台', '藤編邊桌', '藤編凳子', '藤編沙發', '浴缸', '藤編毛巾籃', '鑄鐵櫃', '手提唱片播放機']"
26562,Maelle,アンヌ,安妮,duk03,4/8,嘆,"['粉色', '白色']",K.K.巴黎,♀,時尚,成熟,鴨,duk03_136_Maelle,行道樹牆,人行道地板,"['鑄鐵花園椅', '鑄鐵花園椅', '百合唱片播放器', '電話亭', '棉花糖小吃攤', '菜單黑板', '鑄鐵花園桌', '鑄鐵木廚房', '咖啡杯', '義式咖啡機', '講堂桌子', '濃縮咖啡機', '爆米花機']"
26563,Deena,まりも,毬藻,duk04,6/27,毬毬,"['七彩', '藍色']",K.K.老師,♀,學術,普通,鴨,duk04_137_Deena,洞洞板牆,自然風地板磚塊,"['三角架鋼琴', '鋼琴椅子', '樂譜架', '大提琴', '置物櫃', '黑板', '學校椅子', '學校椅子', '馬林巴木琴', '壁鐘']"
26564,Pompom,のりっぺ,海苔裴,duk05,2/11,裴裴,"['粉色', '淺藍']",K.K.靈魂樂,♀,音樂,活力,鴨,duk05_138_Pompom,珠簾牆,綠色復古地板,"['冰箱', '木製矮桌', '雙人座沙發', '木製雙人床', '木製穿衣鏡', '木製矮櫃', '可愛音樂播放器', '軟木佈告欄', '瓦斯爐連烤箱', '開水壺', '小型黃色圓地墊', '火鶴花']"
26565,Mallary,スミモモ,蘇米,duk06,11/17,八十八,"['藍色', '白色']",K.K.巴薩諾瓦,♀,時尚,成熟,鴨,duk06_139_Mallary,青苔庭園牆,草坪地板,"['花園水龍頭', '捲管器', '可愛音樂播放器', '柴火爐', '垂吊玻璃盆栽', '花園長椅', '黃金柏', '花園燈', '地精擺飾', '園藝推車']"
26566,Freckles,マグロ,小鮪,duk07,2/19,魚魚,"['綠色', '七彩']",船歌2001,♀,時尚,活力,鴨,duk07_2_Freckles,東方風交叉格柵,竹子地板,"['清洗用水槽', '鑄鐵木DIY桌', '坐墊', '紙箱', '保冷箱', '鮪魚', '釣竿架', '茶几', '大漁旗', '攜帶型收音機', '一張榻榻米', '大漁旗', '層架式廚房', '燒水壺', '一張榻榻米', '魚拓', '大漁旗', '大漁旗', '磁鐵刀架']"
26567,Derwin,ボン,阿坊,duk08,5/25,喂！媽媽,"['黃色', '米色']",散散步,♂,玩耍,悠閒,鴨,duk08_140_Derwin,後院牆,草坪地板,"['可愛音樂播放器', '彈簧遊樂器材', '彈簧遊樂器材', '輪胎玩具', '花園長椅', '輪胎玩具', '沙坑', '花園水龍頭', '三輪車']"
26568,Drake,フォアグラ,肥肝,duk09,6/25,或許鴨,"['棕色', '紅色']",K.K.藍調,♂,玩耍,悠閒,鴨,duk09_141_Drake,木屋牆,常見地板,"['鑄鐵木收納推車', '木製單人床', '小型ＤＩＹ作業台', '有罩落地燈', '圓木長沙發', '木製矮櫃', '手提唱片播放機', '花邊結壁毯', '藍色波斯地毯', '木製邊桌', '壁爐', '電子鬧鐘']"
26569,Scoot,マモル,阿守,duk10,6/13,呱呱,"['米色', '藍色']",我的歸所,♂,健康,運動,鴨,duk10_3_Scoot,後院牆,草坪地板,"['捲管器', '樸素DIY作業台', '沙灘巾', '花園水龍頭', '充氣泳池', '圓木長椅', '流動廁所', '泳池躺椅', '飲料桶', '可愛音樂播放器']"
26570,Weber,アチョット,卿德,duk11,6/30,唧唧,"['藍色', '黑色']",K.K.融合爵士樂,♂,大自然,悠閒,鴨,duk11_142_Weber,黑色洞洞板牆,軟木地板,"['三角架鋼琴', '鋼琴椅子', '馬林巴木琴', '電子琴', '爵士鼓組合', '世界的路標', '中音薩克斯風', '電貝斯', '唱片箱', '盤式錄音機', '簽名板']"
26571,Miranda,ミランダ,米蘭達,duk12,4/23,怎麼回事,"['藍色', '紫色']",K.K.奏鳴曲,♀,時尚,成熟,鴨,duk12_143_Miranda,美麗玻璃牆,銀色鑄鐵拼花地板,"['按摩浴缸', '古董床鋪', '古董梳妝台', '雙人座沙發', '豎琴', '古董小桌', '留聲機', '東方風矮桌', '龜背芋', '擺鐘']"
26572,Ketchup,ケチャップ,番茄醬,duk13,7/27,噗吱,"['淺藍', '白色']",義大利麵,♀,玩耍,活力,鴨,duk13_144_Ketchup,常春藤牆,草坪地板,"['可愛音樂播放器', '窯烤爐', '煙燻爐', '柴火', '花園水龍頭', '充氣沙發', '導演椅', '圓木圓桌', '保溫湯鍋', '戶外桌', '紅色塑膠墊', '野餐籃', '飲料桶']"
26573,Gloria,スワンソン,素返真,duk15,8/12,相反,"['黑色', '灰色']",動物城鎮,♀,時尚,成熟,鴨,duk15_145_Gloria,咖啡店窗簾牆,人行道地板,"['花園長椅', '花園長椅', '噴泉', '路燈', '路燈', '爆米花機', '人孔蓋', '手搖風琴']"
26574,Molly,カモミ,亞美,duk16,3/7,說不定鴨,"['黃色', '粉色']",K.K.敘事歌謠,♀,大自然,普通,鴨,duk16_146_Molly,東方風交叉格柵,淺色人字斜紋地板,"['古董寫字桌', '木製單人床', '小提琴', '雙人座沙發', '樂譜架', '木製書架', '壁掛式盆栽', '木製矮桌', '木製矮櫃', '茶具組合', '小型象牙色圓地墊', '紅色點點地墊', '可愛音樂播放器', '絲蘭']"
26575,Quillson,タックン,何童,duk17,12/22,說真的,"['米色', '橘子']",K.K.律動,♂,音樂,自戀,鴨,duk17_147_Quillson,深色嵌木牆,紫色簡約地毯,"['龜背芋', '藤編床鋪', '飛鏢靶', '椰子壁掛盤栽', '衝浪板', '藤編沙發', '藤編矮桌', 'DJ台', '骨舌魚', '多媒體音響']"
26576,Opal,オパール,露露,elp00,1/20,勇,"['黑色', '橘子']",都市K.K.,♀,時尚,成熟,大象,elp00_148_Opal,棕色植物圖案磚牆,黃綠色摩洛哥磚地板,"['按摩浴缸', '東方風屏風', '東方風床鋪', '東方風裝飾架', '竹凳子', '鑄鐵木廚房', '藤編桌燈', '淋浴組合', '毛巾架', '東方風矮桌', '擴香棒', '東方風矮櫃', '手提唱片播放機']"
26577,Dizzy,ヒュージ,巨巨,elp01,7/14,象象,"['黃色', '藍色']",前天,♂,玩耍,悠閒,大象,elp01_149_Dizzy,黃色兒童房壁紙,草坪地板,"['鑄鐵木矮櫃', '積木書櫃', '玩具箱', '積木凳子', '打鈴鬧鐘', '兒童認知海報', '鑄鐵木收納推車', '積木音響', '積木床鋪', '積木矮櫃']"
26578,Big Top,３ごう,阿三,elp02,10/3,哈啊,['綠色'],衝吧！K.K.摩托車手,♂,玩耍,悠閒,大象,elp02_150_Big%20Top,施工現場牆,鐵板地板,"['舉重椅', '塑膠桶', '中性色轉角', '沙包', '白板', '楓葉牆', '紙箱', '卡帶收音機', '阿三的照片']"
26579,Eloise,エレフィン,艾勒芬,elp03,12/8,魯魯,"['綠色', '橘子']",K.K.靈魂樂,♀,時尚,成熟,大象,elp03_151_Eloise,黃色布牆,茶色花朵地板,"['空調', '藤編床鋪', '藤編衣櫃', '藤編沙發', '對開冰箱', '鑄鐵木時鐘', '藤編矮桌', '美甲組合', '垂吊玻璃盆栽', '島式廚房', '果汁機', '橘子邊桌', '復古立體音響']"
26580,Margie,サリー,莎莉,elp04,1/28,莎啦啦,"['粉色', '紅色']",K.K.甘美朗,♀,學術,普通,大象,elp04_152_Margie,黃綠色摩洛哥磚牆,竹子地板,"['藤編梳妝台', '東方風屏風', '藤編床鋪', '椰子壁掛盤栽', '藤編凳子', '藤編邊桌', '東方風矮桌', '藤編廢紙簍', '抱枕', '龜背芋', '線香盤', '中式茶具組合', '藤編矮桌', '手提唱片播放機']"
26581,Paolo,パオロ,保羅,elp05,5/5,保羅,"['灰色', '淺藍']",漫瀰,♂,大自然,悠閒,大象,elp05_153_Paolo,藍色摩洛哥磚牆,藍色馬賽克磚地板,"['沙灘巾', '按摩浴缸', '椰子壁掛盤栽', '淋浴組合', '淋浴組合', '毛巾架', '檜木泡澡桶', '樸素洗臉台', '廁所打掃用具組合', '無水箱馬桶', '象牙色簡約浴室地墊', '藤編邊桌', '藤編毛巾籃']"
26582,Axel,エックスエル,大大,elp06,3/23,嘻嘻,"['綠色', '白色']",K.K.迪克西,♂,健康,運動,大象,elp06_154_Axel,藍色兒童房壁紙,藍色塑膠地板,"['積木音響', '乒乓球桌', 'TOY壁鐘', 'TOY床鋪', '糖果機', '積木書櫃', '積木凳子', 'TOY衣櫃', '電子鬧鐘', '積木長椅', 'TOY貨櫃', '玩具箱']"
26583,Ellie,エクレア,泡芙,elp07,5/12,啦啷,"['灰色', '粉色']",K.K.敘事歌謠,♀,大自然,普通,大象,elp07_155_Ellie,米色裝飾線板壁紙,玫瑰地毯,"['絲蘭', '直立式鋼琴', '鋼琴椅子', '古董床鋪', '古董玄關桌', '古董衣櫥', '留聲機', '節拍器', '蕾絲地毯', '倒掛乾燥花', '古董小桌', '桌燈', '木製穿衣鏡']"
26584,Tucker,はじめ,阿原,elp09,9/7,毛毛,"['黃色', '橘子']",K.K.非洲音樂,♂,大自然,悠閒,大象,elp09_156_Tucker,叢林壁紙,泥沼地板,"['火把', '火把', '竹廣播喇叭', '巨石陣', '石凳子', '石凳子', '舊草蓆', '竹鼓', '石凳子', '陶製牛奶壺']"
26585,Tia,ティーナ,茉莉,elp10,11/18,呼,"['黑色', '白色']",K.K.巴薩諾瓦,♀,大自然,普通,大象,elp10_157_Tia,咖啡店窗簾牆,銀色鑄鐵拼花地板,"['鑄鐵花園桌', '雙人座沙發', '菜單黑板', '鑄鐵花園椅', '鑄鐵木矮桌', '茶具組合', '布穀鳥鐘', '黃色廚房地墊', '冰箱', '瓦斯爐連烤箱', '百合唱片播放器', '開水壺', '鑄鐵木廚房', '切菜板']"
26586,Cyd,パンクス,龐克斯,elp12,6/9,搖滾,"['黑色', '黃色']",K.K.金屬搖滾,♂,音樂,暴躁,大象,elp12_158_Cyd,骷髏壁紙,骷髏地板,"['鑄鐵木DIY桌', '鑄鐵木床鋪', '鑄鐵木收納推車', '爵士鼓組合', '鑄鐵木廚房', '鑄鐵衣櫃', '鑄鐵木椅', '鑄鐵木矮櫃', '鑄鐵壁燈', '天秤', 'TOY音響']"
26587,Lily,レイニー,雷妮,flg00,2/4,雨雨,"['白色', '黃色']",再會,♀,學術,普通,青蛙,flg00_159_Lily,毛毛細雨牆,藍色點點地毯,"['瓦斯爐連烤箱', '藤編床鋪', '古典浴缸', '淋浴組合', '雨傘架', '樸素洗臉台', '積木凳子', '藤編毛巾籃', '藤編邊桌', '可愛音樂播放器', '藤編矮桌', '風信子燈', '迷你冰箱', '瀝水碗架', '毛巾架', '簡單壁板', '簡單壁板']"
26588,Ribbot,ガチャ,鏘鏘,flg01,2/13,機器,"['藍色', '淺藍']",電音節奏,♂,健康,運動,青蛙,flg01_160_Ribbot,主機板牆,超科技地板,"['鑄鐵衣櫃', '鑄鐵壁燈', '伺服器', '多媒體音響', '伺服器', '鑄鐵木床鋪', '鑄鐵工作桌', '筆記型電腦', '電子工具組合', '電子工具組合', '鑄鐵櫃', '工具推車', '桌上型電腦', '壁掛式工具掛勾', '電源總開關']"
26589,Frobert,コージィ,江適,flg02,2/8,咕嚕,"['藍色', '七彩']",拉格泰姆音樂,♂,健康,運動,青蛙,flg02_4_Frobert,綠色兒童房壁紙,綠色塑膠磚地板,"['小型ＤＩＹ作業台', '木製邊桌', '電子鬧鐘', '中型卡其色簡約地墊', 'TOY床鋪', '木製矮櫃', '絲蘭', '工具推車', '木製桌', 'TOY壁鐘', '白色訊息地墊', 'TOY音響', 'TOY公仔', '木製工具箱']"
26590,Camofrog,フルメタル,迷仔,flg03,6/5,喂,"['藍色', '白色']",K.K.非洲音樂,♂,音樂,暴躁,青蛙,flg03_161_Camofrog,叢林壁紙,迷彩地板,"['樸素DIY作業台', '盤式錄音機', '露營床', '冰之棒', '煙燻爐', '鳥籠', '圓木凳子', '小鳥水盆', '圓木圓桌', '露營爐具', '油燈']"
26591,Drift,ドク,毒仔,flg04,10/9,嘓嘓,"['橘子', '紅色']",K.K.金屬搖滾,♂,健康,運動,青蛙,flg04_162_Drift,灰色鐵皮牆,骷髏地板,"['DJ台', '鑄鐵櫃', '壁掛式工具掛勾', '鑄鐵木DIY桌', '鑄鐵木床鋪', '鑄鐵木矮桌', '鑄鐵木矮櫃', '天秤', 'TOY音響', '黃椰子']"
26592,Wart Jr.,サム,山姆,flg05,8/21,山山,"['藍色', '紫色']",二段斜坡,♂,學術,暴躁,青蛙,flg05_163_Wart%20Jr.,破爛泥土牆,燈心草榻榻米,"['爐灶廚房', '被爐', '日式床墊', '坐墊堆', '和室椅', '竹製燭台', '茶色木甲板地毯', '茶色木甲板地毯', '換氣扇', '竹籃', '擺鐘', '紙箱', '方形紙罩座燈', '卡帶收音機']"
26593,Puddles,チョキ,剪刀,flg06,1/13,石頭,"['綠色', '粉色']",K.K.迪斯可,♀,時尚,活力,青蛙,flg06_164_Puddles,藍色地鐵磚牆,薄荷綠點點地毯,"['飛鏢靶', '無扶手沙發', '龜背芋', '無扶手轉角沙發', '充氣沙發', '無扶手沙發', '撞球桌', '壁掛式電視 50吋', 'DJ台', '彈珠台']"
26594,Jeremiah,クワトロ,阿刻,flg07,7/8,嚼嚼,"['橘子', '黃色']",白日夢,♂,玩耍,悠閒,青蛙,flg07_165_Jeremiah,藍色兒童房壁紙,藍色點點地毯,"['抱枕', '積木凳子', '玩具箱', '鑄鐵木矮櫃', '木製矮櫃', '可愛音樂播放器', '可愛DIY桌', '木製單人床', '積木壁鐘', '木製邊桌', '木製矮桌', '打鈴鬧鐘', '未完成的拼圖']"
26595,Tad,タンボ,阿田,flg09,8/3,蝌蚪,"['黃色', '七彩']",流浪,♂,玩耍,運動,青蛙,flg09_166_Tad,田園風景牆,旱田地板,"['樸素DIY作業台', '賞花組合', '卡帶收音機', '舊草蓆', '稻草人', '石水盆', '復活節地板', '竹製便當盒']"
26596,Cousteau,ハルマキ,春卷,flg10,12/17,不客氣,"['綠色', '紅色']",K.K.中華,♂,健康,運動,青蛙,flg10_167_Cousteau,中華風牆,王朝地板,"['竹凳子', '竹凳子', '中式餐桌', '中式燈籠', '東方風屏風', '中式椅子', '東方風矮桌', '東方風裝飾架', '金魚', '中式椅子', '東方風矮櫃', '留聲機', '掛軸']"
26597,Huck,ストロー,吸管,flg11,7/9,喝喝,"['綠色', '黃色']",漫瀰,♂,健康,自戀,青蛙,flg11_168_Huck,吸管牆,土壤地板,"['樸素DIY作業台', '稻草人', '爐灶廚房', '舊草蓆', '石水盆', '圓木圓桌', '陶製牛奶壺', '乾草床鋪', '竹廣播喇叭', '圓木壁掛鐘', '甕']"
26598,Prince,カール,青呱,flg12,7/21,是的,"['黃色', '白色']",只有我,♂,玩耍,悠閒,青蛙,flg12_169_Prince,星空牆,草原地板,"['柴火', '炊火', '圓木長椅', '野餐籃', '綠色落葉', '睡袋', '望遠鏡', '保冷箱', '圓木凳子', '油燈', '世界的路標']"
26599,Jambette,エスメラルダ,翡翠,flg13,10/27,是蛙,['棕色'],都市K.K.,♀,時尚,普通,青蛙,flg13_170_Jambette,植物圖案磚牆,玫瑰木地板,"['藤編床鋪', '藤編衣櫃', '藤編矮桌', '高級音響', '藤編梳妝台', '絲蘭', '藤編邊桌', '植物圖案地毯', '木雕鴨', '椰子壁掛盤栽']"
26600,Raddle,カックン,嘉俊,flg15,6/6,哈啾,"['白色', '灰色']",K.K.老師,♂,大自然,悠閒,青蛙,flg15_171_Raddle,白色簡約布面牆,綠色塑膠地板,"['骨骼標本', '清洗用水槽', '毛巾架', '摺疊椅', '工具推車', '卡帶收音機', '摺疊椅', '置物櫃', '人體模型', '講堂桌子', '作業文具組合', '講堂桌子', '實驗組合', '壁掛式電視 50吋', '黑板']"
26601,Gigi,リンダ,林妲,flg16,8/11,寶貝,"['黑色', '白色']",K.K.搖擺樂,♀,時尚,成熟,青蛙,flg16_172_Gigi,紫色玫瑰壁紙,紫色摩洛哥磚地板,"['玫瑰床鋪', '樸素洗臉台', '島式廚房', '浴缸', '淋浴間', '滾筒式洗衣機', '古董玄關桌', '藤編毛巾籃', '留聲機', '擴香棒', '壁掛式電視 50吋']"
26602,Croque,タイシ,太子,flg17,7/18,子曰,"['紅色', '橘子']",K.K.民謠,♂,大自然,暴躁,青蛙,flg17_173_Croque,楓葉牆,楓葉地板,"['樸素DIY作業台', '竹廣播喇叭', '冰之棒', '冰之棒', '冰之棒', '乾草床鋪', '舊草蓆', '落葉炊火', '落葉凳子', '石水盆～楓葉～']"
26603,Diva,アイーダ,小睫,flg18,10/2,蛤,"['紫色', '淺藍']",K.K.印度王公,♀,健康,大姐姐,青蛙,flg18_174_Diva,埃及牆,岩山地板,"['巨蟹座桌子', '巨蟹座桌子', '人面獅身像', '人面獅身像', '黃金棺材', '黃金長椅', '黃金燭台', '壁掛式蠟燭', '壁掛式蠟燭', '壁掛式蠟燭']"
26604,Henry,ヘンリー,亨利,flg19,9/21,滴咕,"['淺藍', '藍色']",K.K.靈魂樂,♂,音樂,自戀,青蛙,flg19_175_Henry,不規則石頭牆,拼木地板,"['對開冰箱', '龜背芋', '鑄鐵木DIY桌', '磁鐵刀架', '小型象牙色圓地墊', '鑄鐵木椅', '手提唱片播放機', '鑄鐵木桌', '咖啡杯', '咖啡磨豆機', '瓦斯爐連烤箱', '鑄鐵木櫥櫃', '鑄鐵木床鋪', '鑄鐵木廚房', '廚房掛勾', '開水壺', '鑄鐵壁架', '微波爐', '義式咖啡機', '烤吐司機']"
26605,Chevre,ユキ,雪兒,goa00,3/6,唄,"['紅色', '粉色']",K.K.讚美詩歌,♀,學術,普通,山羊,goa00_176_Chevre,白色植物圖案磚牆,黑色鑄鐵拼花地板,"['藤編床鋪', '藤編梳妝台', '百合唱片播放器', '雙人座沙發', '三角架鋼琴', '鋼琴椅子', '島式廚房', '藤編矮桌', '盒裝面紙', '墨墨的照片']"
26606,Nan,スミ,墨墨,goa01,8/24,書,"['橘子', '黃色']",K.K.練習曲,♀,大自然,普通,山羊,goa01_177_Nan,黑色植物圖案磚牆,白色鑄鐵拼花地板,"['三角架鋼琴', '鋼琴椅子', '島式廚房', '雙人座沙發', '藤編邊桌', '藤編矮桌', '手提唱片播放機', '盒裝面紙', '雪兒的照片', '藤編床鋪', '藤編梳妝台']"
26607,Billy,アーシンド,亞星,goa02,3/25,唷喏,"['藍色', '紫色']",K.K.樂曲,♂,玩耍,運動,山羊,goa02_178_Billy,漫畫圖書館牆,垃圾堆地板,"['紙箱沙發', '紙箱椅', '紙箱椅', '散亂的紙張', '書堆', '紙箱床鋪', '紙箱', '紙箱', '雜誌堆', '紙箱', '紙箱桌', '文件堆', '盒裝面紙']"
26608,gruff,しかしな,福鹿壽,goa04,8/29,耶,"['紫色', '黑色']",K.K.鄉村搖滾,♂,音樂,暴躁,山羊,goa04_179_Gruff,不規則石頭牆,灰階配色塑膠磚地板,"['飛鏢靶', '點唱機', '復古麥克風', '撞球桌', '爵士鼓組合', '餐館吧台桌', '餐館霓虹燈時鐘', '餐館沙發']"
26609,Velma,ピティエ,班長,goa06,1/14,起立,"['淺藍', '紫色']",K.K.老師,♀,學術,成熟,山羊,goa06_180_Velma,圖書館牆,淺色拼花地板,"['三角架鋼琴', '鋼琴椅子', '古董梳妝台', '樂譜架', '小提琴', '雙人座沙發', '古董小桌', '古董玄關桌', '留聲機', '節拍器']"
26610,Kidd,やさお,文青,goa07,6/28,啊,"['灰色', '白色']",K.K.探戈,♂,學術,自戀,山羊,goa07_181_Kidd,灰色線板牆,紫色摩洛哥磚地板,"['雙人座沙發', '藤編床鋪', '浴缸', '龜背芋', '無水箱馬桶', '熔岩燈', '壁爐', '留聲機', '藤編邊桌', '毛巾架', '盒裝面紙', '淋浴組合']"
26611,Pashmina,バーバラ,芭芭拉,goa08,12/26,或許芭,"['紅色', '七彩']",K.K.迪斯可,♀,音樂,大姐姐,山羊,goa08_182_Pashmina,紅色可愛牆,白色可愛磁磚地板,"['點唱機', '可愛沙發', '餐館霓虹燈招牌', '餐館吧台桌', '櫥櫃式廚房', '對開冰箱', '餐館小桌', '餐館吧台桌', '餐具', '筆記型電腦']"
26612,Sherb,レム,雷姆,goa09,1/18,輕飄,"['灰色', '藍色']",白日夢,♂,大自然,悠閒,山羊,goa09_183_Sherb,紫色摩洛哥磚牆,紫色簡約地毯,"['可愛DIY桌', '可愛落地燈', '木製小桌', '可愛沙發', '可愛床鋪', '可愛衣櫃', '可愛茶桌', '可愛音樂播放器', '打鈴鬧鐘']"
26613,Cesar,アラン,阿朗,gor00,9/6,拍胸脯,"['藍色', '淺藍']",都市K.K.,♂,健康,暴躁,大猩猩,gor00_184_Cesar,夜景牆,藍色簡約地毯,"['龜背芋', '鋼琴椅子', '餐館吧台椅', '藤編邊桌', '餐館吧台椅', '留聲機', '餐館吧台椅', '直立式鋼琴', '餐館吧台椅', '對開冰箱', '對開冰箱', '層架式廚房', '開水壺', '迷你冰箱', '餐具', '餐館吧台桌', '擴香棒', '餐館吧台桌', '馬克杯', '磁鐵刀架', '廚房掛勾']"
26614,Peewee,ダンベル,啞鈴,gor01,9/11,高高,"['橘子', '藍色']",K.K.搖滾,♂,健康,暴躁,大猩猩,gor01_185_Peewee,鋼筋牆,混凝土地板,"['舉重椅', '爵士鼓組合', '餐館沙發', '餐館吧台椅', '瓦斯爐連烤箱', '壁掛式工具掛勾', '槓鈴', 'ＤＩＹ作業台', '迷你冰箱', '餐館小桌', '工具推車', '廚房掛勾', '硬地墊', '乳清蛋白搖搖杯', '卡帶收音機']"
26615,Boone,まんたろう,萬泰,gor02,9/12,超級,"['七彩', '紅色']",阿爾卑斯山樂曲,♂,健康,運動,大猩猩,gor02_186_Boone,木屋牆,木節地板,"['柴火暖爐', '復活節氣球B', '圓木圓桌', '花邊結壁毯', '圓木長沙發', '圓木床鋪', '鑄鐵木DIY桌', '圓木裝飾架', '壁掛式工具掛勾', '橢圓形玄關地毯', '圓木壁掛鐘']"
26616,Louie,マッスル,壯壯,gor04,3/26,鋼鋼,"['灰色', '紅色']",K.K.融合爵士樂,♂,健康,運動,大猩猩,gor04_187_Louie,白色洞洞板牆,彩色拼接地毯,"['淋浴間', '舉重椅', '工具推車', '桶裝飲水機', '置物櫃', '單槓架', '健身腳踏車', '沙包', '試衣間', '體重計', '藤編邊桌', '卡帶收音機', '梨子地毯', '壁掛式電視 50吋', '獎狀', '自然色木甲板地毯', '自然色木甲板地毯', '雙面壁鐘', '乳清蛋白搖搖杯']"
26617,Boyd,ボイド,空空,gor05,10/1,喔喔,"['紅色', '黑色']",K.K.律動,♂,健康,暴躁,大猩猩,gor05_188_Boyd,行道樹牆,人行道地板,"['冰桌', '冰桌', '汽油桶', '鑄鐵木DIY桌', '汽油桶', '施工告示牌', '戶外鏟子', '獨輪推車', '電線桿', '電線桿', '鑄鐵工作桌', '攜帶型收音機', '燒水壺', '鋼筋', '鋼筋']"
26618,Violet,ウズメ,吳紫眉,gor07,9/1,滑滑,"['紫色', '粉色']",K.K.吉普賽,♀,健康,成熟,大猩猩,gor07_189_Violet,黑色植物圖案磚牆,大廳地板,"['玫瑰床鋪', '按摩浴缸', '櫻花樹枝', '雙人座沙發', '藤編矮桌', '擴香棒', '淋浴組合', '毛巾架', '古董玄關桌', '手提唱片播放機', '倒掛乾燥花']"
26619,Al,たもつ,阿保,gor08,10/18,嗚呼,"['紅色', '白色']",衝吧！K.K.摩托車手,♂,健康,悠閒,大猩猩,gor08_190_Al,混凝土牆,綠色塑膠地板,"['舉重椅', '槓鈴', '沙包', '置物櫃', '白板', '攜帶型收音機', '單槓架', '體重計', '戶外桌', '飲料桶', '乳清蛋白搖搖杯']"
26620,rocket,ロケット,火箭,gor09,4/14,煞啊,"['粉色', '紅色']",K.K.好萊塢,♀,健康,大姐姐,大猩猩,gor09_191_Rocket,摩天大樓牆,灰階配色拼接地毯,"['單槓架', '沙包', '紅地毯', '紅地毯', '玫瑰床鋪', 'ＤＩＹ作業台', '瑜伽球', '木製小桌', '壺鈴', '工具推車', '手提唱片播放機', '健身腳踏車', '阿四的照片']"
26621,Hans,スナイル,史奈魯,gor10,12/5,同意,"['灰色', '藍色']",K.K.奏鳴曲,♂,健康,自戀,大猩猩,gor10_192_Hans,滑雪場壁紙,滑雪場地板,"['炊火', '柴火', '雪橇', '冰之棒', '冰之棒', '野外圓木長椅', '冰之棒', '睡袋', '營火', '圓木長椅', '百合棒', '百合棒', '露營爐具', '攜帶型收音機']"
26622,Hamlet,ハムスケ,哈姆,ham00,5/30,火腿,"['紫色', '藍色']",K.K.雷鬼,♂,玩耍,運動,倉鼠,ham00_193_Hamlet,藍色兒童房壁紙,彩色巧拼地板,"['TOY床鋪', '積木凳子', '積木書櫃', '積木音響', 'TOY椅', 'ＤＩＹ作業台', '兒童認知海報', 'TOY貨櫃', '玩具箱', 'TOY桌', '積木壁鐘', '黏土玩具']"
26623,apple,リンゴ,蘋果,ham01,9/24,轉轉,"['七彩', '紅色']",我愛你,♀,玩耍,活力,倉鼠,ham01_194_Apple,蘋果壁紙,白色簡約地毯,"['抱枕', '瓦斯爐連烤箱', '木製廢紙簍', '木製矮桌', '小型ＤＩＹ作業台', '廚房掛勾', '木製矮櫃', '軟木佈告欄', '蘋果地毯', '可愛音樂播放器', '木製單人床', '蘋果椅', '可愛壁掛鐘', '蘋果電視', '迷你冰箱', '瀝水碗架']"
26624,Graham,グラハム,麥麥,ham02,6/20,就是這樣,"['綠色', '橘子']",K.K.偶像,♂,學術,自戀,倉鼠,ham02_195_Graham,機房牆,灰階配色拼接地毯,"['多媒體音響', '電源總開關', '伺服器', '空調', '伺服器', '木製書架', '書堆', '紙箱沙發', '紙箱床鋪', '工具推車', '克莉琪的海報', '紙箱桌', 'K.K.偶像', '法藍琪的海報', '筆記型電腦', '桌上型電腦']"
26625,Rodney,ジミー,米米,ham03,11/10,咻咻,"['粉色', '七彩']",K.K.鄉村搖滾,♂,音樂,自戀,倉鼠,ham03_196_Rodney,藍色餐館牆,綠色塑膠磚地板,"['撞球桌', '飛鏢靶', '點唱機', '無扶手沙發', '無扶手轉角沙發', '無扶手沙發', '餐館小桌', '可可樹', '餐館霓虹燈時鐘', '糖果機', '彈珠台']"
26626,Soleil,シャンティ,安安,ham04,8/9,相信我,"['紅色', '黃色']",K.K.印度王公,♀,學術,成熟,倉鼠,ham04_5_Soleil,宮牆,王朝地板,"['水瓶座水瓶', '東方風屏風', '櫻花樹枝', '按摩浴缸', '東方風矮櫃', '留聲機', '東方風床鋪', '東方風裝飾架', '東方風矮桌', '淋浴組合', '線香盤', '掛軸']"
26627,clay,ねんど,黏土,ham05,10/19,忐忑不安,"['米色', '棕色']",K.K.非洲音樂,♂,大自然,悠閒,倉鼠,ham05_197_Clay,地層壁紙,地底地板,"['乾草床鋪', '火把', '火把', '營火', '滑雪場壁紙', '石凳子', '橘子壁紙', '陶製牛奶壺', '石水盆', '石凳子', '甕']"
26628,Flurry,ゆきみ,雪美,ham06,1/30,對啊,"['紅色', '粉色']",白日夢,♀,大自然,普通,倉鼠,ham06_198_Flurry,米色花草圖案牆,阿拉伯式地板,"['鋼琴椅子', '落地燈', '木製矮櫃', '迷你冰箱', '廚房掛勾', '火鶴花', '餐具', '瓦斯爐連烤箱', '木製矮桌', '小型ＤＩＹ作業台', '換氣扇', '可愛音樂播放器', '木製單人床', '直立式鋼琴', '倉鼠籠']"
26629,Hamphrey,ハムジ,小倉,ham07,2/25,怒,"['灰色', '米色']",昭和K.K.歌謠,♂,大自然,暴躁,倉鼠,ham07_199_Hamphrey,日式拉門,燈心草榻榻米,"['狸貓擺飾', '盆栽架', '圓形暖爐', '坐墊堆', '日式床墊', '卡帶收音機', '木匾額', '被爐']"
26630,Rocco,ゴンザレス,孔在來,hip00,8/18,覺得是啦,"['黃色', '黑色']",K.K.演歌,♂,學術,暴躁,河馬,hip00_200_Rocco,施工現場牆,施工現場地板,"['獨輪推車', '施工告示牌', '電線桿', '電線桿', '戶外鏟子', '鋼筋', '鋼筋', '汽油桶', '鑄鐵木DIY桌', '流動廁所', '一斗罐', '攜帶型收音機', '冰桌', '冰桌']"
26631,Bubbles,チャコ,曹珂,hip02,9/18,是是,"['紫色', '粉色']",散散步,♀,時尚,活力,河馬,hip02_201_Bubbles,洞洞板牆,松木地板,"['壺鈴', '籃框', '戶外桌', '飲料桶', '可愛音樂播放器', '摺疊椅', '壺鈴', '黑板', '球', '壁鐘', '鑰匙掛勾', '優勝旗', '緊急逃生出口']"
26632,Bertha,あんこ,豆沙,hip03,4/25,認同,"['粉色', '白色']",前天,♀,學術,普通,河馬,hip03_202_Bertha,白色玫瑰壁紙,玫瑰地毯,"['雙人座沙發', '鑄鐵木DIY桌', '木製單人床', '冰箱', '鑄鐵木廚房', '鑄鐵木時鐘', '鑄鐵木椅', '垂吊玻璃盆栽', '空調', '軟木佈告欄', '打鈴鬧鐘', '滾筒式洗衣機', '藤編毛巾籃', '鑄鐵木矮桌', '未完成的拼圖']"
26633,Biff,ガブリエル,賈寶為,hip04,3/29,因為,"['黑色', '藍色']",K.K.放克,♂,健康,運動,河馬,hip04_203_Biff,街頭藝術牆,畫室地板,"['籃框', '球', '電線桿', '電動滑板車', '水彩用具組合', '電話亭', '登山車', '卡帶收音機']"
26634,bitty,プチ,噗吱,hip05,10/6,嗶嗶,"['粉色', '橘子']",K.K.迪斯可,♀,學術,成熟,河馬,hip05_204_Bitty,灰色線板牆,大廳地板,"['雙人座沙發', '舊式縫紉機', '試衣間', '燙衣板', '鑄鐵工作桌', '縫紉機', '手提唱片播放機', '鑄鐵木收納推車', '飾品架']"
26635,Harry,オリバー,歐世豪,hip08,1/7,世世,"['綠色', '橘子']",K.K.大和祭典,♂,學術,暴躁,河馬,hip08_205_Harry,水藍色磚牆,白色馬賽克磚地板,"['沙灘巾', '淋浴組合', '檜木泡澡桶', '三溫暖電暖爐', '竹屏風', '露天池']"
26636,Hippeux,ディビッド,戴維,hip09,10/15,Yes,"['棕色', '綠色']",K.K.奏鳴曲,♂,學術,自戀,河馬,hip09_6_Hippeux,美麗玻璃牆,深色人字斜紋地板,"['三角架鋼琴', '鋼琴椅子', '雙人座沙發', '古董小桌', '節拍器', '藤編沙發', '藤編床鋪', '擺鐘', '藤編矮桌', '留聲機', '藤編邊桌', '藤編桌燈']"
26637,Buck,ヴァヤシコフ,威亞,hrs00,4/4,搞笑,"['灰色', '棕色']",我的歸所,♂,健康,運動,馬,hrs00_206_Buck,粉嫩圓點壁紙,綠色塑膠磚地板,"['積木音響', '紙箱', '抱枕', 'TOY壁鐘', '鑄鐵木收納推車', '木製矮桌', '木製書架', 'TOY貨櫃', '液晶電視 50吋', '馬克杯', '復古風扇']"
26638,Victoria,セントアロー,聖蘿,hrs01,7/11,走囉,"['黃色', '橘子']",K.K.好萊塢,♀,健康,活力,馬,hrs01_207_Victoria,體育場牆,賽車賽道地板,"['乾草床鋪', '優勝旗', '彈簧遊樂器材', '彈簧遊樂器材', '彈簧遊樂器材', '彈簧遊樂器材', '彈簧遊樂器材', '派對裝飾', '派對裝飾', '派對裝飾', '派對裝飾', '派對裝飾', '派對裝飾', '派對裝飾', '派對裝飾', '彈簧遊樂器材', '派對裝飾', '派對裝飾', '彈簧遊樂器材', '派對裝飾', '派對裝飾']"
26639,Savannah,サバンナ,草斑娜,hrs02,1/25,說到,"['淺藍', '藍色']",森林生活,♀,音樂,普通,馬,hrs02_208_Savannah,藍色地鐵磚牆,斑馬紋地板,"['藤編床鋪', '雙人座沙發', '鋼琴椅子', '直立式鋼琴', '藤編沙發', '藤編梳妝台', '藤編衣櫃', '藤編邊桌', '打鈴鬧鐘', '花邊結壁毯', '藤編矮桌', '火鶴花']"
26640,Elmer,サブレ,酥餅,hrs03,10/5,酥酥,"['藍色', '白色']",K.K.鄉村,♂,玩耍,悠閒,馬,hrs03_209_Elmer,後院牆,草坪地板,"['圓木凳子', '柴火', '樸素DIY作業台', '乾草床鋪', '木製水桶', '花園水龍頭', '野外圓木長椅', '圓木圓桌', '曬衣繩', '雙卡帶收音機']"
26641,Roscoe,シュバルツ,黑馬,hrs04,6/16,布魯魯,"['黑色', '灰色']",鼓打貝斯,♂,音樂,暴躁,馬,hrs04_210_Roscoe,黑色皇冠壁紙,灰階配色拼接地毯,"['藤編床鋪', '雙人座沙發', 'ＤＩＹ作業台', '鑄鐵壁燈', '電吉他ES2', '藤編邊桌', 'TOY音響', '藤編矮桌', '藤編桌燈', '手提唱片播放機', '鑄鐵衣帽立架', '壁鐘', '骷髏門牌', '擴音器', '空調']"
26642,Winnie,マキバスター,馬星星,hrs05,1/31,嘶嘶,"['白色', '灰色']",K.K.鄉村,♀,時尚,活力,馬,hrs05_211_Winnie,後院牆,草坪地板,"['鑄鐵花園椅', '鑄鐵花園椅', '柴火', '可愛音樂播放器', '花園長椅', '吊床', '鑄鐵花園桌', '茶具組合', '花園水龍頭', '鞦韆椅', '窯烤爐']"
26643,Ed,キザノホマレ,馬譽,hrs06,9/16,不是啦,"['黑色', '灰色']",K.K.敘事歌謠,♂,大自然,自戀,馬,hrs06_212_Ed,藍色碎花壁紙,玫瑰木地板,"['雙人座沙發', '淋浴間', '古董床鋪', '擺鐘', '古董玄關桌', '火鶴花', '中央暖氣', '壁爐', '馬譽的照片', '復古立體音響']"
26644,Cleo,アイソトープ,小鈾,hrs07,2/9,遊遊,"['淺藍', '白色']",K.K.融合爵士樂,♀,學術,成熟,馬,hrs07_7_Cleo,辦公室牆,灰階配色拼接地毯,"['紙箱', '木製書架', '紙箱', '雙卡帶收音機', '辦公室椅子', '辦公室椅子', '白板', '辦公室桌子', '壁鐘', '壁掛式電話', '壁掛式電話', '筆記型電腦', '鑄鐵工作桌', '辦公室桌子', '文件堆', '桌上型電腦']"
26645,peaches,モモ,桃子,hrs08,11/28,蹦,"['七彩', '淺藍']",森林生活,♀,學術,普通,馬,hrs08_213_Peaches,木屋牆,土壤地板,"['乾草床鋪', '柴火', '樸素DIY作業台', '柴火暖爐', '瓦斯爐連烤箱', '圓木裝飾架', '圓木樁', '圓木凳子', '廚房掛勾', '可愛音樂播放器', '圓木餐桌', '三角旗']"
26646,Annalise,シルブプレ,舒芙蕾,hrs09,12/2,舒服,"['藍色', '紫色']",夏威夷K.K.,♀,時尚,成熟,馬,hrs09_214_Annalise,南方海洋牆,黃色花朵地板,"['棕櫚樹燈', '貝殼床鋪', '衝浪板', '貝殼廣播喇叭', '泳圈', '椰子壁掛盤栽', '黃椰子', '島式廚房', '椰子水', '木製矮桌', '水果籃']"
26647,Clyde,デースケ,笛笛,hrs10,5/1,吹捲捲,"['綠色', '白色']",義大利麵,♂,玩耍,悠閒,馬,hrs10_215_Clyde,橘子壁紙,原木地板,"['抱枕', '糖果機', '梨子床鋪', '梨子衣櫃', 'ＤＩＹ作業台', '櫥櫃式廚房', '冰箱', '木製矮桌', '橘子邊桌', '櫻桃廣播喇叭', '橘子壁掛鐘']"
26648,Colton,アンソニー,安索尼,hrs11,5/22,請看,"['藍色', '紅色']",K.K.讚美詩歌,♂,大自然,自戀,馬,hrs11_216_Colton,宮殿牆,宮殿地板,"['百合唱片播放器', '雙人座沙發', '水瓶座水瓶', '鋼琴椅子', '古董床鋪', '三角架鋼琴', '壁爐', '布穀鳥鐘', '飛天蛋殼']"
26649,Papi,オカッピ,小岡,hrs12,1/10,聽說是,"['橘子', '淺藍']",白日夢,♂,大自然,悠閒,馬,hrs12_217_Papi,彩色巧拼壁紙,巧拼地墊地板,"['絲蘭', '積木床鋪', '積木凳子', '飛天蛋殼', '積木壁鐘', '積木書櫃', '積木音響', '積木桌', '積木玩具', '鑄鐵木椅', '積木矮櫃']"
26650,Julian,ジュリー,朱黎,hrs13,3/15,喂！你,"['紫色', '藍色']",極簡音樂,♂,音樂,自戀,馬,hrs13_218_Julian,星空牆,雲上風景,"['水瓶座水瓶', '巨蟹座桌子', '星星掛旗', '天秤', '處女座豎琴', '雙子座衣櫃', '占卜組合', '天蠍座燈', '新月椅', '星星掛旗', '星星掛旗', '星星掛旗', '牡羊座木馬', '星星掛旗', '星星掛旗', '獅子座雕塑', '星星掛旗', '星星掛旗', '摩羯座擺飾', '金牛座浴缸', '星星掛旗', '星星掛旗', '星星掛旗', '雙魚座燈', '射手座箭矢', '星星掛旗']"
26651,Reneigh,リアーナ,雷哈娜,hrs16,6/4,哼,"['黑色', '紫色']",K.K.電子民謠,♀,玩耍,大姐姐,馬,hrs16_219_Reneigh,植物圖案磚牆,茶色花朵地板,"['藤編床鋪', '藤編梳妝台', '藤編衣櫃', '藤編凳子', '龜背芋', '燙衣板', '藤編廢紙簍', '藤編矮桌', '滾筒式洗衣機', '雜誌', '椰子壁掛盤栽', '藤編毛巾籃', '藤編邊桌', '藤編桌燈']"
26652,Yuka,ユーカリ,尤嘉莉,kal00,7/20,啊啦,"['橘子', '黃色']",K.K.心靈音樂,♀,時尚,成熟,無尾熊,kal00_220_Yuka,米色裝飾線板壁紙,紫色簡約地毯,"['古董床鋪', '古董梳妝台', '雙人座沙發', '東方風矮桌', '古董玄關桌', '留聲機', '擺鐘', '古董衣櫥', '古董小桌', '線香盤']"
26653,Alice,メルボルン,莫兒,kal01,8/19,晶亮,"['紅色', '粉色']",夏威夷K.K.,♀,學術,普通,無尾熊,kal01_221_Alice,白色植物圖案磚牆,淺色拼花地板,"['藤編床鋪', '藤編矮桌', '龜背芋', '藤編沙發', '藤編衣櫃', '層架式廚房', '藤編梳妝台', '植物圖案地毯', '椰子壁掛盤栽', '壁掛式電視 50吋', '藤編邊桌', '手提唱片播放機']"
26654,Melba,アデレード,阿得,kal02,4/12,不得了,"['白色', '綠色']",散散步,♀,學術,普通,無尾熊,kal02_222_Melba,藍色花草圖案牆,綠色油漆地板,"['樸素洗臉台', '可愛音樂播放器', '絲蘭', '雨傘架', '木製單人床', '木製穿衣鏡', '木製衣櫃', '壁掛式電視 50吋', '木製邊桌', '洗衣機', '木製矮桌', '抱枕', '打鈴鬧鐘', '植物圖案地毯', '壁掛式盆栽', '未完成的拼圖']"
26655,Sydney,シドニー,思穎,kal03,6/21,無尾熊,"['米色', '黃色']",兜風,♀,音樂,普通,無尾熊,kal03_8_Sydney,紫色巧拼壁紙,藍色油漆地板,"['積木床鋪', '積木凳子', '火鶴花', '廚房掛勾', '瓦斯爐連烤箱', '開水壺', '空調', '積木音響', '積木矮櫃', '積木桌', '積木書櫃', '加濕器', '迷你冰箱', '積木椅', '微波爐']"
26656,Gonzo,ゴンゾー,鋼鎖,kal04,10/13,錢錢,"['黑色', '綠色']",電吉他樂曲,♂,大自然,暴躁,無尾熊,kal04_223_Gonzo,木屋牆,木節地板,"['柴火暖爐', '圓木圓桌', '柴火', '鑄鐵木廚房', '烤吐司機', '復活節氣球B', '圓木床鋪', '綠色基里姆地毯', '圓木裝飾架', '手提唱片播放機']"
26657,Ozzie,ドングリ,阿栗,kal05,5/7,顆顆,"['黃色', '橘子']",K.K.老師,♂,玩耍,悠閒,無尾熊,kal05_224_Ozzie,白色洞洞板牆,軟木地板,"['黑板', '骨骼標本', '鑄鐵木DIY桌', '置物櫃', '兒童認知海報', '壁掛式工具掛勾', '直立式吸塵器', '學校椅子', '小型白色簡約地墊', '學校椅子', '小型白色簡約地墊', '學校桌子', '可愛音樂播放器', '小型卡其色簡約地墊', '工具推車', '木製工具箱', '小型卡其色簡約地墊', '學校桌子', '電子工具組合', '學校桌子', '學校桌子', '倉鼠籠', '木製工具箱']"
26658,Canberra,キャンベラ,簡培菈,kal08,5/14,咦～,"['綠色', '淺藍']",動物島,♀,玩耍,大姐姐,無尾熊,kal08_225_Canberra,南方海洋牆,星星沙灘地板,"['椰子水', '貝殼廣播喇叭', '沙灘瞭望台', '水中壁紙', '泳圈', '沙堆城堡', '舊長靴', '沙灘巾', '棕櫚樹燈', '棕櫚樹燈']"
26659,Lyman,オズモンド,敖志明,kal09,10/12,哇～,"['淺藍', '黃色']",K.K.非洲音樂,♂,玩耍,運動,無尾熊,kal09_226_Lyman,叢林壁紙,淺色拼花地板,"['玩具箱', '鑄鐵木DIY桌', '木製單人床', '龜背芋', '木製椅', '木製桌', '植物圖案地毯', '木製矮櫃', '木製工具箱', 'TOY音響']"
26660,Eugene,ロッキー,羅奇,kal10,10/26,喂喂,"['黑色', '灰色']",K.K.刑警,♂,音樂,自戀,無尾熊,kal10_227_Eugene,辦公室牆,灰階配色拼接地毯,"['桶裝飲水機', '紙箱床鋪', '白板', '摺疊椅', '摺疊椅', '壁鐘', '講堂桌子', '筆記型電腦', '紙箱', '文件堆', '講堂桌子', '文件堆', '馬克杯', '紙箱', '盤式錄音機', '黃椰子']"
26661,Kitt,アップリケ,縫縫,kgr00,10/11,補補,"['紫色', '紅色']",藍色飯糰,♀,學術,普通,袋鼠,kgr00_228_Kitt,美麗玻璃牆,白色簡約地毯,"['圓木床鋪', '直立式鋼琴', '鋼琴椅子', '鑄鐵木廚房', '圓木圓桌', '倒掛乾燥花', '烤吐司機', '掛飾', '積木凳子', '壁爐', '黃色廚房地墊', '小型黃色圓地墊', '套圈圈', '留聲機', '洋娃娃']"
26662,Mathilda,アザラク,亞莎,kgr01,11/12,嘿,"['白色', '紅色']",K.K.讚美詩歌,♀,健康,成熟,袋鼠,kgr01_229_Mathilda,藍色碎花壁紙,阿拉伯式地板,"['層架式廚房', '古董床鋪', '鑄鐵木椅', '積木凳子', '玩具箱', '古董桌', '布穀鳥鐘', '積木玩具', '古董小桌', '古董玄關桌', '桌燈', '留聲機', '胡桃鉗娃娃']"
26663,Carrie,マミィ,媽咪,kgr02,12/5,親親,"['紅色', '七彩']",我愛你,♀,大自然,普通,袋鼠,kgr02_230_Carrie,黃色兒童房壁紙,軟木地板,"['廚房掛勾', '水彩用具組合', '空調', '古典浴缸', '兒童椅', '迷你冰箱', '瀝水碗架', '毛巾架', '瓦斯爐連烤箱', '洗臉台', '鑄鐵木櫥櫃', '木製矮櫃', '紅色點點地墊', '開水壺', '微波爐', '電飯鍋', '黏土玩具', '木製雙人床', '木製邊桌', '衣物櫃', '打鈴鬧鐘', '淋浴組合']"
26664,Astrid,キッズ,童兒,kgr05,9/8,龐克,"['黑色', '七彩']",新奧爾良樂曲,♀,音樂,成熟,袋鼠,kgr05_231_Astrid,後院牆,草坪地板,"['鞦韆椅', '彈簧遊樂器材', '輪胎玩具', '輪胎玩具', '輪胎玩具', '雙卡帶收音機', '充氣沙發', '飲水處', '公園攀爬架', '三輪車']"
26665,Sylvia,シルビア,希薇亞,kgr06,5/3,對耶,"['黃色', '綠色']",歐陸節拍,♀,音樂,大姐姐,袋鼠,kgr06_232_Sylvia,混凝土牆,灰階配色拼接地毯,"['TOY床鋪', 'ＤＩＹ作業台', '對開冰箱', '餐館沙發', '島式廚房', '攜帶型收音機', '黑色木甲板地毯', '黑色木甲板地毯', '工具推車', '鑄鐵木櫥櫃', '鑰匙掛勾', '工具箱', '微波爐', '果汁機', '壁掛式工具掛勾']"
26666,Walt,カンロク,袋鋼,kgr08,4/24,別裝了,"['黑色', '灰色']",K.K.演歌,♂,健康,暴躁,袋鼠,kgr08_233_Walt,竹林牆,青苔庭園地板,"['狸貓擺飾', '盆栽架', '石水盆', '綠色落葉', '竹廣播喇叭', '岩石蛋衣服', '復活節地板', '簡約水井']"
26667,Rooney,マイク,麥克,kgr09,12/1,做就對了,"['灰色', '黑色']",K.K.好萊塢,♂,健康,暴躁,袋鼠,kgr09_234_Rooney,灰色鐵皮牆,鐵板地板,"['舉重椅', '楓葉牆', '中性色轉角', '沙包', '速度球', '鑄鐵工作桌', '飲料桶', '壁掛式風扇', '鑄鐵工作桌', '拳擊鐘', '可愛音樂播放器', '乳清蛋白搖搖杯']"
26668,Marcie,マリア,瑪莉亞,kgr10,5/31,好唷,"['粉色', '米色']",K.K.詠嘆調,♀,大自然,普通,袋鼠,kgr10_235_Marcie,粉紅色拼布牆,松木地板,"['木製矮桌', '小型白色簡約地墊', '櫥櫃式廚房', '燙衣板', '洗衣機', '對開冰箱', '套圈圈', '木製矮櫃', '木製雙人床', '可愛音樂播放器', '兒童椅', '調皮媽媽廚房地墊', '可愛壁掛鐘', '平衡吊飾']"
26669,bud,チャ,佳佳,lon00,8/8,男人,"['綠色', '黃色']",夏威夷K.K.,♂,健康,運動,獅子,lon00_236_Bud,南方海洋牆,沙灘地板,"['沙灘巾', '沙堆城堡', '貝殼拱門', '舊長靴', '舊長靴', '沙灘巾', '沙灘球', '戶外桌', '雙卡帶收音機', '沙灘地板']"
26670,Elvis,キング,皇獅,lon01,7/23,聽懂吧,"['紅色', '黑色']",土耳其樂曲,♂,學術,暴躁,獅子,lon01_237_Elvis,宮殿牆,宮殿地板,"['處女座豎琴', '水瓶座水瓶', '金牛座浴缸', '雙魚座燈', '水瓶座水瓶', '雙魚座燈', '黃金長椅', '獅子座雕塑', '黃金棺材', '巨蟹座桌子', '黃金餐具']"
26671,Rex,サンデー,晴天,lon02,7/24,獅獅,"['藍色', '淺藍']",流浪,♂,大自然,悠閒,獅子,lon02_238_Rex,山頂牆,草原地板,"['樸素DIY作業台', '營火', '油燈', '煙燻爐', '圓木長椅', '野餐籃', '睡袋', '野營飯盒', '圓木凳子', '攜帶型收音機']"
26672,Leopold,ティーチャー,老獅,lon04,8/14,上課了,"['紫色', '綠色']",K.K.老師,♂,學術,自戀,獅子,lon04_239_Leopold,綠色油漆木牆,自然風地板磚塊,"['骨骼標本', '置物櫃', '兒童認知海報', '講堂桌子', '作業文具組合', '講堂桌子', '獎狀', '書擋', '講桌', '壁掛式電視 50吋', '文件堆', '講堂椅子', '置物櫃']"
26673,Mott,リック,李克,lon06,7/10,哈哈哈,"['藍色', '綠色']",K.K.融合爵士樂,♂,健康,運動,獅子,lon06_240_Mott,綠色線板牆,松木地板,"['木製書架', '木製矮櫃', '可愛音樂播放器', '兒童認知海報', '木製雙人床', '學習書桌', '木製廢紙簍', 'ＤＩＹ作業台', '學習椅', '木製邊桌', '打鈴鬧鐘']"
26674,Rory,アーサー,亞瑟,lon07,8/7,哪哈,"['藍色', '紅色']",沖繩K.K.,♂,音樂,運動,獅子,lon07_241_Rory,紅樹林牆,星星沙灘地板,"['石獅子', '石獅子', '充氣泳池', '沙灘球', '泳池躺椅', '沙灘巾', '貝殼桌', '貝殼廣播喇叭', '流動廁所']"
26675,Lionel,ライオネル,賴恩睿,lon08,7/29,正確,"['綠色', '灰色']",K.K.波蕾洛,♂,音樂,自戀,獅子,lon08_242_Lionel,夜景牆,藍色簡約地毯,"['按摩浴缸', '古董床鋪', '雙人座沙發', '古董小桌', '古董玄關桌', '留聲機', '書房椅子', '迷你冰箱', '電子鬧鐘', '書房桌子']"
26676,Nana,チッチ,七七,mnk01,8/23,唔唔,"['粉色', '白色']",K.K.敘事歌謠,♀,學術,普通,猴子,mnk01_243_Nana,粉嫩圓點壁紙,軟木地板,"['木製單人床', '櫥櫃式廚房', '火鶴花', '木製桌', '木製矮櫃', '紅色點點地墊', '可愛音樂播放器', '木製小桌', '加濕器', '木製椅', '空調']"
26677,Simon,エテキチ,遠仁,mnk02,1/19,猿猿,"['紅色', '七彩']",K.K.非洲音樂,♂,玩耍,悠閒,猴子,mnk02_9_Simon,星空牆,沙漠地板,"['樸素DIY作業台', '營火', '野營飯盒', '煙燻爐', '雙卡帶收音機', '火把', '吊床']"
26678,Tammi,エイプリル,四月,mnk03,4/2,哇嗚,"['紫色', '綠色']",K.K.中華,♀,時尚,活力,猴子,mnk03_244_Tammi,竹子牆,竹子地板,"['櫻花樹枝', '中式餐桌', '中式椅子', '竹廣播喇叭', '掛軸', '東方風屏風', '東方風矮桌', '爐灶廚房', '蒸籠', '蒸籠', '服務餐車', '東方風裝飾架', '中式茶具組合']"
26679,Monty,サルモンティ,皮猴,mnk04,12/7,香蕉,"['黃色', '灰色']",漫瀰,♂,學術,暴躁,猴子,mnk04_245_Monty,楓葉牆,蘑菇森林地板,"['竹廣播喇叭', '樸素DIY作業台', '蘑菇樹幹', '蘑菇陽傘', '蘑菇桌', '蘑菇凳子', '蘑菇燈', '蘑菇屏風']"
26680,Elise,モンこ,孟琪,mnk05,3/21,孟孟,"['紫色', '紅色']",K.K.巴薩諾瓦,♀,時尚,成熟,猴子,mnk05_246_Elise,抽象藝術牆,紫色簡約地毯,"['東方風屏風', '古董床鋪', '藤編沙發', '層架式廚房', '藤編邊桌', '書房椅子', '龜背芋', '倒掛乾燥花', '古董小桌', '淋浴間', '書房桌子', '留聲機', '打字機']"
26681,Flip,さすけ,天佑,mnk06,11/21,差不多,"['藍色', '黃色']",K.K.大和祭典,♂,音樂,運動,猴子,mnk06_247_Flip,櫻花樹牆,碎石地板,"['竹廣播喇叭', '電話亭', '自動販賣機', '流動廁所', '賞花提燈', '賞花提燈', '復活節地板', '講堂桌子', '義式咖啡機', '瀝水碗架', '清洗用水槽', '竹凳子', '路邊攤', '星星沙灘地板']"
26682,Shari,シェリー,雪莉,mnk07,4/10,嗚吱吱,"['淺藍', '黃色']",都市K.K.,♀,音樂,大姐姐,猴子,mnk07_248_Shari,紫色摩洛哥磚牆,玫瑰木地板,"['藤編矮桌', '藤編沙發', '藤編廢紙簍', '藤編梳妝台', '垂吊玻璃盆栽', '藤編邊桌', '藤編衣櫃', '藤編毛巾籃', '浴缸', '玫瑰床鋪', '鑄鐵櫃']"
26683,Deli,デリー,德里,mnk08,5/24,去吧,"['紫色', '棕色']",K.K.練習曲,♂,大自然,悠閒,猴子,mnk08_249_Deli,藍色簡約布面牆,藍色簡約地毯,"['木製書架', '兒童認知海報', '空調', '學習書桌', '學習椅', '雙人座沙發', '木製廢紙簍', '木製邊桌', '木製矮櫃', '木製單人床', '木製矮桌', '打鈴鬧鐘', '地球儀', '可愛音樂播放器', '筆記型電腦', '藍色點點地墊']"
26684,Dora,とめ,杜美,mus00,2/18,美吧,"['藍色', '淺藍']",沖繩K.K.,♀,學術,普通,老鼠,mus00_250_Dora,練功房牆,花紋草蓆,"['爐灶廚房', '竹廣播喇叭', '茶几', '日式床墊', '竹製落地燈', '坐墊', '竹凳子', '竹製燭台', '坐墊堆', '掛軸']"
26685,Limberg,らっきょ,韭菜,mus01,10/17,非也,"['綠色', '藍色']",K.K.民謠,♂,學術,暴躁,老鼠,mus01_251_Limberg,楓葉牆,青苔庭園地板,"['竹廣播喇叭', '石水盆～楓葉～', '露天池', '紅色落葉', '紅色落葉', '落葉炊火', '落葉凳子']"
26686,Bella,イザベラ,貝拉,mus02,12/28,嘎哈,"['黑色', '紫色']",K.K.金屬搖滾,♀,音樂,活力,老鼠,mus02_252_Bella,混凝土牆,骷髏地板,"['鑄鐵櫃', '鑄鐵壁燈', '毛巾架', '淋浴組合', '餐館小桌', '餐館吧台桌', '餐館吧台椅', '餐館椅子', 'TOY音響', '馬克杯', '古典浴缸', '書桌床組', '鑄鐵木DIY桌', '電子工具組合', '壁掛式工具掛勾']"
26687,Bree,サラ,西瓜皮,mus03,7/7,說說的,"['黑色', '藍色']",K.K.巴薩諾瓦,♀,時尚,成熟,老鼠,mus03_253_Bree,白色植物圖案磚牆,藍色摩洛哥磚地板,"['藤編床鋪', '藤編梳妝台', '藤編衣櫃', '無水箱馬桶', '垂吊玻璃盆栽', '坐浴桶', '按摩浴缸', '藤編矮桌', '可愛音樂播放器', '滾筒式洗衣機', '藤編毛巾籃']"
26688,Samson,ピース,和平,mus04,7/5,吱,"['紅色', '黃色']",K.K.50年代搖滾,♂,健康,運動,老鼠,mus04_254_Samson,藍色地鐵磚牆,酷感油漆地板,"['梨子床鋪', '梨子衣櫃', '桌型足球台', 'TOY壁鐘', '蘋果電視', '橘子邊桌', '鑄鐵木收納推車', 'TOY公仔', 'TOY貨櫃', '盤式錄音機']"
26689,Rod,ジャン,阿將,mus05,8/14,厲害,"['藍色', '淺藍']",K.K.進行曲,♂,健康,運動,老鼠,mus05_255_Rod,汪洋大海牆,甲板地板,"['點唱機', '沙灘巾', '撞球桌', '游泳池', '泳池躺椅', '棕櫚樹燈']"
26690,Candi,かんゆ,甘油,mus08,4/13,滑滑,"['淺藍', '黃色']",義大利麵,♀,玩耍,活力,老鼠,mus08_256_Candi,白色油漆木牆,薄荷綠點點地毯,"['木製矮櫃', '木製邊桌', '木製雙人床', '可愛沙發', '可愛DIY桌', '木製穿衣鏡', '菊花抱枕', '可愛音樂播放器', '倒掛乾燥花', '木製廢紙簍', '木製矮桌']"
26691,Rizzo,ちょろきち,悄俊,mus09,1/17,躡躡,"['黑色', '灰色']",K.K.民謠,♂,學術,暴躁,老鼠,mus09_257_Rizzo,灰泥矮牆,土壤地板,"['盆栽架', '竹廣播喇叭', '復活節地板', '樸素木製招牌', '賞花提燈', '賞花提燈', '路邊攤', '竹製便當盒', '竹製便當盒']"
26692,Anicotti,ラザニア,羅萱兒,mus10,2/24,開心,"['紅色', '粉色']",義大利麵,♀,時尚,活力,老鼠,mus10_258_Anicotti,珠簾牆,庸俗地板,"['絲蘭', '木製矮櫃', '木製單人床', '迷你冰箱', '廚房掛勾', '瀝水碗架', '瓦斯爐連烤箱', '木製邊桌', '木製桌', '木製穿衣鏡', '百合唱片播放器', '木製椅', '開水壺', '加濕器', '中型白色簡約地墊']"
26693,Broccolo,ブロッコリー,茜藍,mus12,6/30,微微,"['七彩', '黃色']",我愛你,♂,玩耍,悠閒,老鼠,mus12_259_Broccolo,藍色兒童房壁紙,粉嫩巧拼地板,"['木製單人床', '木製矮桌', '藍色點點地墊', '水彩用具組合', '積木長椅', '玩具箱', '積木凳子', '積木壁鐘', '媽媽玩偶', '積木矮櫃', '鑄鐵木矮櫃', '媽媽抱枕', '可愛音樂播放器']"
26694,Moose,ピン,阿聘,mus14,9/13,可惡,"['紫色', '紅色']",K.K.鄉村搖滾,♂,健康,運動,老鼠,mus14_260_Moose,混凝土牆,藍色迷彩地板,"['點唱機', '撞球桌', '鑄鐵櫃', '鑄鐵壁燈', '鑄鐵木床鋪', '彈珠台', '飛鏢靶', '紅地毯', '餐館沙發']"
26695,Bettina,マルコ,丸子,mus15,6/12,就說吧,"['白色', '紅色']",動物城鎮,♀,學術,普通,老鼠,mus15_261_Bettina,黑板牆,原木地板,"['餐館吧台椅', '餐館吧台椅', '對開冰箱', '清洗用水槽', '鑄鐵衣帽立架', '雨傘架', '冷凍櫃', '廚房掛勾', '古董玄關桌', '留聲機', '島式廚房', '咖啡杯', '鑄鐵玄關地墊', '鑄鐵木櫥櫃', '義式咖啡機', '咖啡磨豆機']"
26696,Greta,ふくこ,如意,mus16,9/5,呵呵呵,"['粉色', '紫色']",昭和K.K.歌謠,♀,學術,成熟,老鼠,mus16_262_Greta,現代日式紙拉門,常見地板,"['柴火', '爐灶廚房', '復古風扇', '卡帶收音機', '日式床墊', '擺鐘', '坐墊', '地爐', '方形紙罩座燈', '竹籃', '一張榻榻米', '一張榻榻米', '掛軸', '一張榻榻米', '一張榻榻米']"
26697,Penelope,チューこ,小啾,mus17,2/5,啾啾,"['粉色', '紅色']",K.K.偶像,♀,時尚,活力,老鼠,mus17_263_Penelope,紅色可愛牆,紅色點點地毯,"['可愛DIY桌', '可愛沙發', '木製矮桌', '可愛衣櫃', '可愛壁掛鐘', '淋浴組合', '古典浴缸', '可愛落地燈', '可愛梳妝台', '可愛床鋪', '可愛茶桌', '可愛音樂播放器']"
26698,Chadder,チーズ,起司,mus18,12/15,也是啦,"['黑色', '灰色']",K.K.靈魂樂,♂,健康,自戀,老鼠,mus18_264_Chadder,夜景牆,深色嵌木地板,"['淋浴間', '按摩浴缸', '沙灘巾', '坐浴桶', '無水箱馬桶', '樸素洗臉台', '留聲機', '東方風屏風', '龜背芋', '空調', '毛巾架', '壁掛式電視 50吋']"
26699,Octavian,おくたろう,張瑜,ocp00,9/20,章魚,"['黑色', '白色']",鼓打貝斯,♂,玩耍,暴躁,章魚,ocp00_265_Octavian,星空牆,月球表面地板,"['隕石', '載人太空船', '火箭', '飛碟', '太空人', '人工衛星']"
26700,Marina,タコリーナ,章立娜,ocp01,6/26,咔,"['粉色', '紅色']",K.K.心靈音樂,♀,音樂,普通,章魚,ocp01_266_Marina,草莓巧克力牆,草莓巧克力地板,"['古典浴缸', '可愛床鋪', '可愛落地燈', '可愛沙發', '無水箱馬桶', '可愛DIY桌', '可愛梳妝台', '可愛茶桌', '可愛音樂播放器']"
26701,Zucker,タコヤ,章丸丸,ocp02,3/8,認同,"['藍色', '黃色']",春暖花開,♂,大自然,悠閒,章魚,ocp02_267_Zucker,空地圍欄牆,草坪地板,"['圓木長椅', '棉花糖小吃攤', '戶外發電機', '派對裝飾', '派對裝飾', '保冷箱', '派對裝飾', '戶外桌', '路邊攤', '攜帶型收音機', '直立式攪拌機', '切菜板', '蒸籠', '紙箱', '紙箱']"
26702,Queenie,タキュ,果果,ost00,11/13,果然,"['黑色', '灰色']",新奧爾良樂曲,♀,時尚,成熟,鴕鳥,ost00_268_Queenie,抽象藝術牆,深色拼花地板,"['藤編衣櫃', '對開冰箱', '藤編梳妝台', '藤編矮桌', '鑄鐵木廚房', '藤編床鋪', '藤編廢紙簍', '藤編邊桌', '藤編沙發', '手提唱片播放機', '垂吊玻璃盆栽']"
26703,Gladys,ちとせ,仙仙,ost01,1/15,千歲,"['綠色', '粉色']",K.K.民謠,♀,學術,普通,鴕鳥,ost01_269_Gladys,日式紙拉門,榻榻米,"['中式茶具組合', '坐墊', '豪華和服架', '和服架', '矮屏風', '方形紙罩座燈', '日式床墊', '坐墊堆', '織布機']"
26704,Sandy,ラン,小嵐,ost02,10/21,鴕鳥,"['淺藍', '白色']",K.K.靈魂樂,♀,大自然,普通,鴕鳥,ost02_270_Sandy,黑板牆,玫瑰木地板,"['雙人座沙發', '垂吊玻璃盆栽', '垂吊玻璃盆栽', '可可樹', '紅地毯', '層架式廚房', '開水壺', '鑄鐵木矮桌', '雜誌架', '鋼琴椅子', '菜單黑板', '鑄鐵木櫥櫃', '三角架鋼琴', '雜誌', '糖＆牛奶', '手提唱片播放機', '服務餐車', '茶具組合']"
26705,Sprocket,ヘルツ,鶴茲,ost03,12/1,機械,"['橘子', '綠色']",K.K.金屬搖滾,♂,音樂,運動,鴕鳥,ost03_271_Sprocket,超科技牆,主機板地板,"['電吉他ES2', 'DJ台', '擴音器', '復古麥克風', '音效機櫃', '效果器組合', '電貝斯', '擴音器', '爵士鼓組合']"
26706,Julia,ジュリア,朱莉亞,ost05,7/31,吼唷,"['紫色', '紅色']",K.K.奏鳴曲,♀,學術,成熟,鴕鳥,ost05_272_Julia,綠色線板牆,藍色簡約地毯,"['藤編床鋪', '藤編毛巾籃', '淋浴間', '藤編矮桌', '沙灘巾', '藤編梳妝台', '藤編凳子', '藤編邊桌', '手提唱片播放機', '黑色木甲板地毯', '浴缸', '毛巾架', '黑色木甲板地毯']"
26707,Cranston,トキオ,朱祿,ost06,9/23,哎呀呀,"['米色', '棕色']",沖繩K.K.,♂,大自然,悠閒,鴕鳥,ost06_273_Cranston,白色地鐵磚牆,大理石地板,"['東方風屏風', '東方風床鋪', '東方風矮桌', '火鶴花', '方形紙罩座燈', '紅地毯', '紅地毯', '東方風矮櫃', '壁掛式電視 50吋', '手提唱片播放機', '線香盤', '掛軸', '東方風裝飾架', '中式燈籠']"
26708,Phil,ケイン,凱恩,ost07,11/27,轟隆隆,"['綠色', '紅色']",K.K.波蕾洛,♂,音樂,自戀,鴕鳥,ost07_274_Phil,紅色裝飾線板壁紙,紅色簡約地毯,"['浴缸', '古董玄關桌', '留聲機', '藤編床鋪', '無水箱馬桶', '藤編衣櫃', '藤編矮桌', '中式茶具組合', '東方風屏風', '滾筒式洗衣機', '淋浴組合', '毛巾架', '海軍藍簡約浴室地墊', '藤編毛巾籃']"
26709,Blanche,しのぶ,小偲,ost08,12/21,是嘛,"['黑色', '棕色']",K.K.三味線,♀,大自然,成熟,鴕鳥,ost08_275_Blanche,標準茶室牆,無邊榻榻米,"['日式床墊', '矮屏風', '方形紙罩座燈', '坐墊', '豪華和服架', '竹製多寶架', '東方風矮桌', '中式茶具組合', '東方風裝飾架']"
26710,Flora,フララ,胡拉拉,ost09,2/9,紅鶴,"['七彩', '粉色']",秘魯之歌,♀,玩耍,活力,鴕鳥,ost09_276_Flora,高原牆,綠洲地板,"['野外圓木長椅', '雄紅鶴', '雌紅鶴', '雄紅鶴', '雌紅鶴', '睡袋', '圓木長椅', '攜帶型收音機', '炊火']"
26711,Phoebe,ヒノコ,火鳥,ost10,4/22,好熱,"['黑色', '紅色']",K.K.佛朗明哥,♀,健康,大姐姐,鴕鳥,ost10_277_Phoebe,火山洞窟牆,熔岩地板,"['營火', '樸素DIY作業台', '火把', '露營床', '圓木凳子', '可愛音樂播放器', '圓木長椅', '馬克杯']"
26712,Apollo,アポロ,阿波羅,pbr00,7/4,唔咿,['黑色'],K.K.搖滾,♂,音樂,暴躁,老鷹,pbr00_278_Apollo,鐵捲門牆,不規則石板地,"['藤編床鋪', '餐館沙發', '餐館小桌', '撞球桌', '壁掛式電視 50吋', '多媒體音響', '黃椰子', '餐館吧台桌', '燈罩落地燈', '雜誌']"
26713,Amelia,アンデス,安地斯,pbr01,11/19,卡拉卡拉,"['黑色', '白色']",秘魯之歌,♀,音樂,成熟,老鷹,pbr01_279_Amelia,山頂牆,常見地板,"['圓木圓桌', '圓木長椅', '圓木床鋪', '留聲機', '世界的路標', '紅色基里姆地毯', '圓木長沙發', '圓木裝飾架', '洗衣盆', '曬衣繩', '迷你仙人掌組合']"
26714,Pierce,セバスチャン,謝博強,pbr02,1/8,啪沙啪沙,"['橘子', '黃色']",新奧爾良樂曲,♂,健康,運動,老鷹,pbr02_280_Pierce,藍色迷彩壁紙,藍色簡約地毯,"['TOY床鋪', 'ＤＩＹ作業台', 'TOY衣櫃', '壁掛式工具掛勾', 'TOY桌', 'TOY椅', '單槓架', '木製矮櫃', 'TOY壁鐘', 'TOY鏡子', '可愛音樂播放器']"
26715,Buzz,ひでよし,繼光,pbr03,12/7,繼繼,"['黃色', '紅色']",兜風,♂,大自然,暴躁,老鷹,pbr03_281_Buzz,山頂牆,停車場地板,"['戶外桌', '塑膠桶', '自動販賣機', '甜點自動販賣機', '自動販賣機', '可推式垃圾桶', 'TOY床鋪', '戶外長椅', '雙卡帶收音機']"
26716,Avery,クスケチャ,安谷斯,pbr05,2/22,溜溜,"['橘子', '棕色']",秘魯之歌,♂,音樂,暴躁,老鷹,pbr05_282_Avery,曠野牆,岩山地板,"['火把', '火把', '營火', '石凳子', '石水盆', '竹廣播喇叭', '舊草蓆', '石桌', '素燒碗盤', '陶製牛奶壺']"
26717,Frank,ハルク,浩克,pbr06,7/30,多謝,"['棕色', '黃色']",土耳其樂曲,♂,學術,暴躁,老鷹,pbr06_283_Frank,灰色鐵皮牆,職業摔角地板,"['淋浴間', '舉重椅', '中性色轉角', '沙包', '置物櫃', '鑄鐵工作桌', '桶裝飲水機', '卡帶收音機', '乳清蛋白搖搖杯']"
26718,Sterling,ギンカク,銀閣,pbr07,12/11,呀啊,"['藍色', '紅色']",驚悚歌,♂,健康,運動,老鷹,pbr07_284_Sterling,地牢牆,地下室地板,"['木桶', '書房椅子', '清洗用水槽', '上下鋪', '牢籠', '壁掛式蠟燭', '鑰匙掛勾', '牢籠', '書房桌子', '雙卡帶收音機', '文件堆', '工具推車', '壁掛式蠟燭', '餐具']"
26719,Keaton,フランク,法蘭克,pbr08,6/1,是,"['藍色', '白色']",兜風,♂,音樂,自戀,老鷹,pbr08_285_Keaton,行道樹牆,停車場地板,"['TOY床鋪', 'TOY床鋪', '儲油桶', '冰桌', '冰桌', '一斗罐', 'TOY床鋪', '復古加油機', '人孔蓋', '竹製擋車墩', '紙箱', '雙卡帶收音機']"
26720,Celia,ティファニー,蒂芬妮,pbr09,3/25,是呢,"['粉色', '綠色']",K.K.靈魂樂,♀,大自然,普通,老鷹,pbr09_286_Celia,白色植物圖案磚牆,淺色人字斜紋地板,"['藤編床鋪', '藤編梳妝台', '藤編凳子', '藤編衣櫃', '黃椰子', '百合唱片播放器', '冰箱', '藤編矮桌', '茶具組合', '藤編邊桌', '椰子壁掛盤栽', '打鈴鬧鐘', '鑄鐵木廚房']"
26721,Aurora,オーロラ,歐若拉,pgn00,1/27,若,"['粉色', '紅色']",藍色飯糰,♀,學術,普通,企鵝,pgn00_287_Aurora,冰雪壁紙,冰雪地板,"['水瓶座水瓶', '水瓶座水瓶', '冰隔板', '雪花燈飾', '雪花燈飾', '冰床鋪', '巨蟹座桌子', '冰柱子', '冰柱子', '手提唱片播放機', '小鹿裝飾品', '壁掛式蠟燭', '壁掛式蠟燭']"
26722,Roald,ペンタ,企鵝達,pgn01,1/5,企鵝,"['紅色', '黃色']",K.K.進行曲,♂,健康,運動,企鵝,pgn01_288_Roald,冰山牆,流冰地板,"['可愛音樂播放器', '冰椅子', '冰裝置藝術', '冰裝置藝術', '圓木長椅', '冰拱門', '冰桌', '圓木長椅', '冰棒']"
26723,Cube,ビス,羅斯,pgn02,1/29,十字,"['黃色', '七彩']",再會,♂,玩耍,悠閒,企鵝,pgn02_289_Cube,雪花壁紙,白色簡約地毯,"['積木床鋪', '積木椅', '鑄鐵木椅', '積木音響', '積木桌', '冰棒', '雪花地毯', '積木凳子', '桌上聖誕樹', '積木矮櫃', '下雪水晶球', '可愛音樂播放器', '積木長椅']"
26724,hopper,とかー,喝喝,pgn03,4/6,禪,"['黃色', '紅色']",昭和K.K.歌謠,♂,音樂,暴躁,企鵝,pgn03_290_Hopper,冰山牆,流冰地板,"['沙灘巾', '冰之棒', '冰之棒', '冰柱子', '石凳子', '露天池', '3層雪人', '攜帶型收音機', '冰柱子']"
26725,Friga,サブリナ,謝賓娜,pgn04,10/16,滑溜溜,"['粉色', '黑色']",再會,♀,時尚,成熟,企鵝,pgn04_291_Friga,白色地鐵磚牆,大理石地板,"['藤編床鋪', '藤編衣櫃', '藤編凳子', '藤編沙發', '藤編毛巾籃', '無水箱馬桶', '藤編梳妝台', '樸素洗臉台', '冰隔板', '古典浴缸', '藤編廢紙簍', '藤編邊桌', '藤編矮桌', '藤編桌燈', '空調', '毛巾架', '淋浴組合', '可愛音樂播放器']"
26726,Gwen,ポーラ,寶拉,pgn05,1/23,唔呼呼,"['綠色', '白色']",兜風,♀,時尚,成熟,企鵝,pgn05_292_Gwen,冰雪壁紙,冰雪地板,"['沙灘巾', '按摩浴缸', '壁掛式蠟燭', '冰隔板', '冰隔板', '淋浴組合', '冰吧台', '手提唱片播放機', '冰床鋪', '迷你冰箱', '冰棒', '毛巾架']"
26727,Puck,ホッケー,哈奇,pgn06,2/21,候補,"['藍色', '紅色']",K.K.進行曲,♂,健康,悠閒,企鵝,pgn06_293_Puck,冰雪壁紙,冰雪地板,"['舉重椅', '冰隔板', '雪橇', '槓鈴', '沙包', '速度球', '卡帶收音機', '淋浴間', '楓葉牆', '健身腳踏車', '冰吧台', '乳清蛋白搖搖杯']"
26728,Wade,カマボコ,竹輪,pgn09,10/30,所以啦,"['淺藍', '藍色']",藍色飯糰,♂,大自然,悠閒,企鵝,pgn09_294_Wade,冰雪壁紙,冰雪地板,"['冰椅子', '貝殼燈', '冰桌', '貝殼噴泉', '貝殼屏風', '海天使', '貝殼廣播喇叭', '比目魚', '鱸魚', '鮪魚', '鰈魚', '魷魚', '竹筴魚', '鯛魚']"
26729,Boomer,ショーイ,秀益,pgn10,2/7,軋軋,"['棕色', '米色']",再會,♂,健康,悠閒,企鵝,pgn10_295_Boomer,冰山牆,流冰地板,"['冰柱子', '冰柱子', '冰柱子', '冰柱子', '火把', '火把', '雪橇', '3層雪人', '樸素DIY作業台']"
26730,Iggly,のりまき,花壽司,pgn11,11/2,捲捲,"['紅色', '藍色']",我愛你,♂,健康,運動,企鵝,pgn11_296_Iggly,冰雪壁紙,冰雪地板,"['菜單黑板', '霜淇淋檯燈', '樹型燈飾', '樹型燈飾', '冰吧台', '冰桌', '冰棒', '冰棒', '冰棒', '冰桌', '冰棒', '冰棒', '冰棒', '可愛音樂播放器', '星星沙灘地板']"
26731,Tex,ボルト,伏特,pgn12,10/6,寶寶,"['黑色', '灰色']",鼓打貝斯,♂,音樂,自戀,企鵝,pgn12_297_Tex,冰雪壁紙,冰雪地板,"['電貝斯', '小鹿裝飾品', '爵士鼓組合', '冰吧台', '冰柱子', '冰棒', '紅地毯', '冰柱子', 'DJ台', '電吉他ES2', '擴音器', '擴音器']"
26732,Flo,レイラ,蕾拉,pgn13,9/2,這樣唷,"['紅色', '紫色']",極簡音樂,♀,音樂,大姐姐,企鵝,pgn13_298_Flo,冰雪壁紙,冰雪地板,"['玫瑰床鋪', '淋浴間', '冰隔板', '冰隔板', '藤編矮桌', '馬桶', '手提唱片播放機', '藍色廚房地墊', '鑄鐵壁架', '島式廚房', '冰棒', '廚房掛勾', '鑄鐵壁燈', '壁掛式電視 50吋']"
26733,Sprinkle,フラッペ,冰莎,pgn14,2/20,涼爽,"['淺藍', '白色']",K.K.甘美朗,♀,玩耍,活力,企鵝,pgn14_299_Sprinkle,冰雪壁紙,冰雪地板,"['冰柱子', '冰柱子', '冰拱門', '貝殼床鋪', '貝殼花圈', '貝殼屏風', '貝殼屏風', '貝殼廣播喇叭', '貝殼噴泉', '貝殼燈']"
26734,Curly,ハムカツ,勝利,pig00,7/26,感謝,"['黃色', '七彩']",K.K.雷鬼,♂,健康,運動,豬,pig00_300_Curly,常見牆,木節地板,"['毛巾架', '雙人座沙發', '瓦斯爐連烤箱', '冰箱', '桶裝飲水機', '上下鋪', '洗臉台', '積木凳子', '木製桌', '可愛音樂播放器', '磁鐵刀架', '黃色菱格紋地毯', '烤吐司機']"
26735,Truffles,トンコ,嘟嘟,pig01,7/28,哇賽,"['綠色', '紅色']",義大利麵,♀,時尚,活力,豬,pig01_10_Truffles,引人入勝牆,棕色六角磚地板,"['冰箱', '可愛音樂播放器', '壁掛式電視 50吋', '落地燈', '木製雙人床', '櫥櫃式廚房', '可愛沙發', '古董桌', '中型橘色簡約地墊', '電飯鍋']"
26736,Rasher,グレオ,古烈,pig02,4/7,萬年,"['藍色', '黑色']",K.K.鄉村搖滾,♂,音樂,暴躁,豬,pig02_301_Rasher,空地圍欄牆,停車場地板,"['人孔蓋', 'TOY床鋪', '雙卡帶收音機', '塑膠桶', '冰桌', '鋼筋', '白鐵水桶', '捲管器', '花園水龍頭', '工具箱', '輪胎堆', '泡澡汽油桶', '汽油桶']"
26737,Hugh,クッチャネ,阿豬,pig03,12/30,懶懶,"['米色', '黃色']",我的歸所,♂,玩耍,悠閒,豬,pig03_302_Hugh,藍色兒童房壁紙,彩色巧拼地板,"['睡袋', '可愛音樂播放器', '對開冰箱', '冷凍櫃', '賞花組合', '書', '糖果機', '紙箱', '水果籃', '冰棒', '馬克杯', '紙箱', '紙箱', '紙箱', '邋遢地毯', '書堆', '壁掛式風扇', '烤吐司機', '紙箱', '瓦斯爐連烤箱', '開水壺']"
26738,Lucy,ルーシー,露西,pig04,6/2,唷,"['粉色', '紅色']",K.K.奏鳴曲,♀,音樂,普通,豬,pig04_303_Lucy,舞台布幕牆,木節地板,"['紅地毯', '紅地毯', '三角架鋼琴', '紅地毯', '紅地毯', '鋼琴椅子', '古董小桌', '留聲機', '摺疊椅', '摺疊椅', '摺疊椅', '摺疊椅', '攝影機', '高架花籃', '高架花籃']"
26739,Spork,ポーク,肉肉,pig05,9/3,噗,"['綠色', '七彩']",森林生活,♂,玩耍,悠閒,豬,pig05_304_Crackle,樹海牆,泥沼地板,"['樸素DIY作業台', '洗衣盆', '圓木凳子', '柴火', '圓木圓桌', '油燈', '窯烤爐', '野餐籃', '攜帶型收音機', '睡袋', '石水盆']"
26740,Cobb,ハカセ,博士,pig08,10/7,公畝,"['白色', '藍色']",思考中,♂,學術,運動,豬,pig08_305_Cobb,灰色鐵皮牆,混凝土地板,"['睡袋', '木製書架', '木製書架', '木製書架', '文件堆', '作業文具組合', '鑄鐵木DIY桌', '邋遢地毯', '書堆', '白板', '紙箱', '攜帶型收音機', '散亂的紙張', '紙箱沙發', '散亂的紙張', '書堆', '書堆']"
26741,Boris,ダリー,達利,pig09,11/6,噗嘻,"['紫色', '黑色']",K.K.印度王公,♂,大自然,暴躁,豬,pig09_306_Boris,埃及牆,岩山地板,"['水瓶座水瓶', '紅地毯', '紅地毯', '巨蟹座桌子', '留聲機', '黃金棺材', '黃金長椅', '人面獅身像', '人面獅身像', '巨蟹座桌子', '巨蟹座桌子', '黃金燭台', '黃金燭台', '雙魚座燈', '射手座箭矢']"
26742,Maggie,マーガレット,瑪格,pig10,9/3,嗯,"['綠色', '黃色']",兜風,♀,大自然,普通,豬,pig10_307_Maggie,後院牆,石板地板,"['園藝推車', '園藝推車', '園藝推車', '鑄鐵花園椅', '鑄鐵花園桌', '鑄鐵木DIY桌', '可愛音樂播放器', '鑄鐵花園長椅', '花園燈']"
26743,Peggy,ちえり,千惠,pig11,5/23,彈彈,"['藍色', '紅色']",K.K.巴薩諾瓦,♀,時尚,活力,豬,pig11_308_Peggy,紅色布牆,原木地板,"['可愛沙發', '黃椰子', '淋浴組合', '毛巾架', '蘋果電視', '可愛椅', '鑄鐵櫃', '滾筒式洗衣機', '倒掛乾燥花', '藤編毛巾籃', '古典浴缸', '燙衣板', '書桌床組', '作業文具組合']"
26744,Gala,ためこ,小芽,pig13,3/5,噹啷,"['粉色', '白色']",動物城鎮,♀,學術,普通,豬,pig13_309_Gala,文藝復興牆,淺色嵌木地板,"['雙人座沙發', '紅地毯', '牢籠', '紙箱', '文件堆', '書房椅子', '壁爐', '留聲機', '監控攝影機', '古董小桌', '書房桌子', '金色招財貓', '筆記型電腦', '保險箱', '保險箱', '壁鐘', '鋁合金箱', '金條']"
26745,Chops,トンファン,豚皇,pig14,10/13,豚,"['紅色', '綠色']",K.K.波蕾洛,♂,學術,自戀,豬,pig14_310_Chops,黑色皇冠壁紙,紅色簡約地毯,"['撞球桌', '壁爐', '留聲機', '搖椅', '鑄鐵衣帽立架', '古董時鐘', '直立式鋼琴', '古董小桌', '轉盤式電話', '小鹿裝飾品']"
26746,Kevin,イノッチ,伊比利,pig15,4/26,比利比利,"['黑色', '紅色']",K.K.鄉村搖滾,♂,玩耍,運動,豬,pig15_311_Kevin,灰色鐵皮牆,混凝土地板,"['舉重椅', '清洗用水槽', '沙包', '單槓架', '迷你冰箱', '乳清蛋白搖搖杯', '塑膠刮泥墊', '摺疊椅', '中性色轉角', '紙箱', '紅色轉角', '卡帶收音機', '壁掛式風扇']"
26747,Pancetti,ブリトニー,布蘭妮,pig16,11/14,討厭啦,"['紅色', '黃色']",都市K.K.,♀,音樂,成熟,豬,pig16_312_Pancetti,白色植物圖案磚牆,黃色花朵地板,"['對開冰箱', '木製椅', '木製椅', '黃椰子', '百合唱片播放器', '椰子壁掛盤栽', '木製桌', '烤吐司機', '茶具組合', '鑄鐵木櫥櫃', '義式咖啡機', '料理秤', '壁掛式電視 50吋', '島式廚房', '直立式攪拌機']"
26748,Agnes,アグネス,古乃欣,pig17,4/21,噗呼呼,"['粉色', '白色']",K.K.浩室,♀,玩耍,大姐姐,豬,pig17_313_Agnes,灰色線板牆,阿拉伯式地板,"['龜背芋', '百合唱片播放器', '玫瑰床鋪', '寵物床', '貓跳台', '壁掛式電視 50吋', '倒掛乾燥花', '中型象牙色圓地墊', '古董小桌', '貓草', '古董玄關桌', '玻璃盆栽', '寵物鮮食']"
26749,Bunnie,リリアン,莉莉安,rbt00,5/9,好像喔,"['綠色', '粉色']",森林生活,♀,時尚,活力,兔子,rbt00_314_Bunnie,紫色圓點壁紙,白色油漆地板,"['蘋果電視', '瓦斯爐連烤箱', '木製穿衣鏡', '衣物櫃', '蘋果地毯', '木製矮櫃', '媽媽抱枕', '雜誌架', '木製單人床', '迷你冰箱', '可愛音樂播放器', '打鈴鬧鐘', '軟木佈告欄', '瀝水碗架', '可愛DIY桌', '調皮媽媽廚房地墊', '木製矮桌', '茶具組合']"
26750,Dotty,マーサ,瑪莎,rbt01,3/14,啷,"['藍色', '黑色']",兜風,♀,時尚,活力,兔子,rbt01_315_Dotty,綠色布牆,松木地板,"['瓦斯爐連烤箱', '倒掛乾燥花', '開水壺', '落地燈', '絲蘭', '廚房掛勾', '木製單人床', '木製矮桌', '木製衣櫃', '迷你冰箱', '木製穿衣鏡', '木製邊桌', '鑄鐵木時鐘', '綠色長毛地毯', '茶具組合', '烤吐司機', '手提唱片播放機']"
26751,Coco,やよい,仰韶,rbt02,3/1,土俑,"['米色', '綠色']",K.K.三味線,♀,學術,普通,兔子,rbt02_316_Coco,夯土牆,花紋草蓆,"['洗衣盆', '陶製牛奶壺', '火把', '火把', '石凳子', '石凳子', '乾草床鋪', '曬衣繩', '石桌', '陶製牛奶壺', '素燒碗盤', '甕']"
26752,Snake,モモチ,百川,rbt03,11/3,忍忍,"['黑色', '藍色']",K.K.領主,♂,健康,運動,兔子,rbt03_317_Snake,灰泥矮牆,土壤地板,"['盆栽架', '竹屏風', '竹屏風', '火把', '火把', '石水盆', '復活節地板', '甕']"
26753,Gaston,モサキチ,猛兔,rbt04,10/28,唔賀,"['棕色', '橘子']",K.K.樂曲,♂,學術,暴躁,兔子,rbt04_318_Gaston,廢墟牆,廢墟地板,"['五右衛門泡澡桶', '爐灶廚房', '曬衣繩', '洗衣盆', '紙箱床鋪', '圓木凳子', '竹凳子', '紙箱桌', '柴火', '攜帶型收音機', '舊草蓆']"
26754,Gabi,ペチカ,珮琪,rbt05,12/16,琪他,"['棕色', '紅色']",義大利麵,♀,時尚,活力,兔子,rbt05_319_Gabi,珠簾牆,橘色復古地板,"['廚房掛勾', '淋浴組合', '毛巾架', '東方風屏風', '古典浴缸', '木製桌', '可愛音樂播放器', '洗衣機', '無水箱馬桶', '冰箱', '樸素洗臉台', '鑄鐵木廚房', '切菜板']"
26755,Pippy,ロッタ,羅塔,rbt06,6/14,就這樣啦,"['綠色', '棕色']",兜風,♀,時尚,活力,兔子,rbt06_320_Pippy,引人入勝牆,藍色油漆地板,"['雙人座沙發', '淋浴間', '樸素洗臉台', '木製椅', '工具推車', '可愛音樂播放器', '小型ＤＩＹ作業台', '抱枕', '書桌床組', '中型藍色圓地墊', '針線盒', '液晶電視 50吋', '軟木佈告欄', '白色訊息地墊']"
26756,Tiffany,バズレー,大姐頭,rbt07,1/9,我說呀,"['黑色', '紅色']",拉格泰姆音樂,♀,時尚,成熟,兔子,rbt07_321_Tiffany,黑色皇冠壁紙,紅黑色塑膠磚地板,"['撞球桌', '飛鏢靶', '飛鏢靶', '彈珠台', '雙人座沙發', '點唱機', '餐館霓虹燈招牌', '紅地毯', '餐館吧台桌', '彈珠台', '壁掛式電視 50吋', '緊急逃生出口', '壁掛式電視 50吋']"
26757,Genji,ゲンジ,儒林,rbt08,1/21,臣,"['綠色', '紫色']",K.K.領主,♂,健康,運動,兔子,rbt08_322_Genji,金箔日式拉門,青苔庭園地板,"['盆栽架', '石水盆', '櫻花樹枝', '屏風', '復活節地板', '掛軸', '竹球', '岩石蛋衣服', '榻榻米床鋪', '方形紙罩座燈']"
26758,Ruby,ルナ,月兔,rbt09,12/25,普通,"['淺藍', '粉色']",藍色飯糰,♀,大自然,活力,兔子,rbt09_323_Ruby,星空牆,月球表面地板,"['隕石', '隕石', '太空人', '太空人', '載人太空船', '月亮', '月球車']"
26759,Doc,トビオ,阿飛,rbt10,3/16,是啦,"['灰色', '米色']",思考中,♂,學術,悠閒,兔子,rbt10_324_Doc,圖書館牆,深色地板磚塊,"['骨骼標本', '書房椅子', '木製書架', '木製書架', '黑板', '古董玄關桌', '擺鐘', '留聲機', '兒童認知海報', '毛巾架', '廁所打掃用具組合', '樸素洗臉台', '書房桌子', '紅地毯', '象牙色簡約浴室地墊', '實驗組合', '馬桶']"
26760,Claude,ビネガー,阿醋,rbt11,12/3,酸酸,"['黑色', '七彩']",思考中,♂,大自然,悠閒,兔子,rbt11_325_Claude,漫畫圖書館牆,白色簡約地毯,"['ＤＩＹ作業台', '紙箱', '書堆', '木製單人床', '木製矮櫃', '可愛音樂播放器', '雙人座沙發', '木製桌', '木製邊桌', '復古點點地毯', '桌遊', '電子鬧鐘']"
26761,Francine,フランソワ,法藍琪,rbt12,1/22,嚕啦啦,"['藍色', '黑色']",都市K.K.,♀,時尚,成熟,兔子,rbt12_326_Francine,藍色可愛牆,藍色點點地毯,"['藤編沙發', '藤編床鋪', '淋浴組合', '毛巾架', '可愛DIY桌', '可愛茶桌', '可愛椅', '可愛落地燈', '木製矮櫃', '可愛梳妝台', '克莉琪的照片', '手提唱片播放機', '古典浴缸', '可愛壁掛鐘']"
26762,Chrissy,クリスチーヌ,克莉琪,rbt13,8/28,哩啦啦,"['粉色', '白色']",K.K.偶像,♀,時尚,活力,兔子,rbt13_327_Chrissy,紅色圓點壁紙,紅色可愛磁磚地板,"['可愛椅', '可愛床鋪', '可愛落地燈', '可愛壁掛鐘', '可愛茶桌', '可愛衣櫃', '可愛音樂播放器', '法藍琪的照片', '可愛梳妝台', '可愛沙發', '可愛DIY桌']"
26763,Hopkins,プースケ,風杰,rbt14,3/11,風,"['藍色', '黃色']",思考中,♂,大自然,悠閒,兔子,rbt14_328_Hopkins,混凝土牆,酷感塑膠磚地板,"['街機（射擊遊戲）', '街機（射擊遊戲）', '街機（格鬥遊戲）', '壁掛式電視 50吋', '街機（格鬥遊戲）', '自動販賣機', '街機（桌上遊戲）', '街機（桌上遊戲）', '甜點自動販賣機', '監控攝影機', '換氣扇', '緊急逃生出口', '遊戲機中心椅子']"
26764,O'Hare,サントス,桑托斯,rbt15,7/24,朋友,"['藍色', '淺藍']",動物島,♂,大自然,自戀,兔子,rbt15_329_O_Hare,水平線牆,水面地板,"['泳圈', '水中壁紙', '棕櫚樹燈', '沙灘巾', '沙灘球', '椰子水', '雙卡帶收音機', '戶外釣竿', '南方小島地毯', '鯊魚模型', '保冷箱', '南方小島地毯']"
26765,Carmen,チョコ,巧蔻,rbt16,1/6,真的,"['綠色', '米色']",散散步,♀,時尚,活力,兔子,rbt16_330_Carmen,白色可愛牆,薄荷綠點點地毯,"['藤編沙發', '積木床鋪', '可愛DIY桌', '龜背芋', '藤編廢紙簍', '燙衣板', '直立式吸塵器', '倒掛乾燥花', '雨傘架', '積木凳子', '滾筒式洗衣機', '積木凳子', '藤編矮桌', '手提唱片播放機', '藤編毛巾籃', '毛巾架', '桌燈', '液晶電視 50吋']"
26766,bonbon,あのね,娜個,rbt17,3/3,不妙,"['淺藍', '黃色']",K.K.偶像,♀,玩耍,活力,兔子,rbt17_331_Bonbon,黃色可愛牆,白色油漆地板,"['可愛DIY桌', '可愛衣櫃', '可愛椅', '可愛梳妝台', '可愛落地燈', '可愛茶桌', '白色愛心地毯', '可愛音樂播放器', '可愛沙發', '可愛床鋪', '可愛壁掛鐘']"
26767,Cole,アマミン,阿甘,rbt18,8/10,就是如此,"['橘子', '七彩']",沖繩K.K.,♂,大自然,悠閒,兔子,rbt18_332_Cole,南方海洋牆,沙灘地板,"['沙灘巾', '棕櫚樹燈', '水中壁紙', '舊長靴', '沙灘地板', '沙堆城堡', '泳圈', '衝浪板', '沙灘球', '攜帶型收音機', '沙灘瞭望台', '彩色塑膠墊']"
26768,Mira,ミラコ,蜜拉,rbt19,7/6,月球,"['紅色', '黃色']",衝吧！K.K.摩托車手,♀,健康,大姐姐,兔子,rbt19_333_Mira,舞台布幕牆,木節地板,"['摺疊椅', '摺疊椅', '摺疊椅', '菊花棒', '雙卡帶收音機', '中型卡其色簡約地墊', '冰之棒', '冰之棒', '百合棒', '冰之棒', '菊花棒', 'TOY屏風', 'TOY屏風', '中型卡其色簡約地墊', '百合棒', '菊花棒', '菊花棒', 'TOY屏風']"
26769,tank,タンクトップ,坦克背心,rhn00,5/6,犀犀,"['紅色', '綠色']",K.K.演歌,♂,健康,運動,犀牛,rhn00_334_Tank,竹林牆,空地地板,"['盆栽架', '石水盆', '石凳子', '石桌', '攜帶型收音機', '檜木泡澡桶', '迷你生態池']"
26770,Rhonda,ユメコ,夢夢,rhn01,1/24,嗯噗,"['紫色', '黑色']",K.K.敘事歌謠,♀,音樂,普通,犀牛,rhn01_335_Rhonda,紫色摩洛哥磚牆,紫色簡約地毯,"['貝殼床鋪', '可愛梳妝台', '可愛椅', '古典浴缸', '可愛沙發', '貝殼屏風', '貝殼廣播喇叭', '貝殼拱門', '毛巾架', '淋浴組合']"
26771,Spike,スクワット,阿蹲,rhn02,6/17,混混,"['黑色', '灰色']",K.K.浩室,♂,大自然,暴躁,犀牛,rhn02_336_Spike,混凝土牆,豹紋地板,"['淋浴間', '藤編床鋪', '餐館沙發', '單槓架', '點唱機', '登山車', '藤編邊桌', '壺鈴', '壁掛式電視 20吋', '鑄鐵壁架', '層架式廚房', '乳清蛋白搖搖杯']"
26772,Hornsby,みつお,光雄,rhn04,3/20,念念,"['綠色', '棕色']",K.K.演歌,♂,大自然,悠閒,犀牛,rhn04_337_Hornsby,破爛泥土牆,燈心草榻榻米,"['卡帶收音機', '日式床墊', '迷你冰箱', '馬克杯', '垃圾袋', '坐墊堆', '坐墊', '雜誌堆', '茶几', '紙箱', '和室椅', '雜誌', '換氣扇', '紙箱']"
26773,Merengue,パティ,草莓,rhn07,3/19,糖糖,"['白色', '紅色']",K.K.敘事歌謠,♀,大自然,普通,犀牛,rhn07_338_Merengue,粉嫩圓點壁紙,薄荷綠點點地毯,"['對開冰箱', '菜單黑板', '可愛沙發', '島式廚房', '可愛茶桌', '攜帶型收音機', '壁掛式盆栽', '木製矮桌', '糖＆牛奶', '茶具組合', '餐館吧台桌', '微波爐', '直立式攪拌機', '霜淇淋檯燈']"
26774,Renée,おさい,柴姐,rhn08,5/28,超強,"['紫色', '黃色']",電吉他樂曲,♀,音樂,大姐姐,犀牛,rhn08_339_Ren�e,骷髏壁紙,虎紋地毯,"['餐館沙發', 'DJ台', '餐館霓虹燈招牌', '餐館餐桌', '書桌床組', '餐館霓虹燈時鐘', 'ＤＩＹ作業台']"
26775,Vesta,メリヤス,綿綿,shp00,4/16,就這樣呀,"['橘子', '紅色']",森林生活,♀,時尚,普通,羊,shp00_340_Vesta,白色地鐵磚牆,花式馬賽克磚,"['洗衣盆', '清洗用水槽', '壁鐘', '滾筒式洗衣機', '藤編毛巾籃', '毛巾架', '餐館吧台桌', '菜單黑板', '空調', '藤編邊桌', '洗衣機', '手提唱片播放機', '燙衣板', '熨褲機', '餐館吧台桌', '針線盒', '縫紉機']"
26776,Baabara,トロワ,華爾滋,shp01,3/28,一二三,"['紫色', '藍色']",都市K.K.,♀,時尚,成熟,羊,shp01_341_Baabara,暴風雨夜晚牆,銀色鑄鐵拼花地板,"['沙灘巾', '淋浴間', '紅地毯', '紅地毯', '古董小桌', '壁掛式電視 50吋', '倒掛乾燥花', '留聲機', '古董椅子', '按摩浴缸', '古董梳妝台', '古董玄關桌', '擴香棒', '泳池躺椅']"
26777,Eunice,モヘア,毛海兒,shp02,4/3,咩,"['米色', '橘子']",K.K.迪斯可,♀,時尚,普通,羊,shp02_342_Eunice,藍色磚牆,藍色塑膠地板,"['滾筒式洗衣機', '滾筒式洗衣機', '滾筒式洗衣機', '滾筒式洗衣機', '滾筒式洗衣機', '滾筒式洗衣機', '滾筒式洗衣機', '滾筒式洗衣機', '摺疊椅', '自動販賣機', '監控攝影機', '塑膠桶', '摺疊椅', '滾筒式洗衣機', '滾筒式洗衣機', '摺疊椅', '滾筒式洗衣機', '摺疊椅', '滾筒式洗衣機', '鑄鐵工作桌', '藤編毛巾籃', '壁掛式風扇', '攜帶型收音機', '雜誌', '壁鐘']"
26778,Stella,アクリル,氈氈,shp03,4/9,羊毛,"['黃色', '米色']",只有我,♀,大自然,普通,羊,shp03_11_Stella,玫瑰壁紙,深色人字斜紋地板,"['樸素洗臉台', '木製單人床', '可愛DIY桌', '木製椅', '絲蘭', '毛巾架', '木製矮櫃', '針線工具箱', '木製桌鏡', '木製邊桌', '木製桌', '木製廢紙簍', '軟木佈告欄', '媽媽衛生紙盒', '針線盒', '可愛音樂播放器']"
26779,Cashmere,ラムール,愛睦,shp04,4/2,愛,"['紫色', '米色']",再會,♀,時尚,成熟,羊,shp04_343_Cashmere,不規則石頭牆,不規則石板地,"['柴火', '柴火暖爐', '木製單人床', '紡車', '鑄鐵木DIY桌', '木製凳子', '木製小桌', '手提唱片播放機', '中型紫色簡約地墊', '木製邊桌', '玻璃燭台', '織布機', '花邊結壁毯']"
26780,Willow,マリー,梅麗諾,shp07,11/26,是的唷,"['白色', '粉色']",K.K.靈魂樂,♀,時尚,成熟,羊,shp07_344_Willow,美麗玻璃牆,阿拉伯式地板,"['木製凳子', '舊式縫紉機', '布穀鳥鐘', '東方風矮桌', '古董床鋪', '龜背芋', '樂譜架', '針線工具箱', '針線盒', '大提琴', '古董玄關桌', '壁爐', '擴香棒', '樹果燈']"
26781,Curlos,カルロス,賈洛斯,shp08,5/8,北鼻,"['紅色', '綠色']",K.K.騷莎,♂,大自然,自戀,羊,shp08_345_Curlos,原木牆,深色人字斜紋地板,"['點唱機', '雙人座沙發', '紅地毯', '爵士鼓組合', '可可樹', '桌型足球台', '餐館吧台桌', '義式咖啡機', '迷你仙人掌組合', '餐館吧台椅', '世界的路標', '餐館霓虹燈時鐘', '復活節氣球B']"
26782,Wendy,みぞれ,雪花,shp09,8/15,一絲絲,"['紅色', '綠色']",極簡音樂,♀,時尚,活力,羊,shp09_346_Wendy,雪花壁紙,白色簡約地毯,"['冰箱', '抱枕', '雜誌', '圓形暖爐', '木製邊桌', '雪花地毯', '中央暖氣', '打鈴鬧鐘', '瓦斯爐連烤箱', '木製穿衣鏡', '木製雙人床', '開水壺', '木製矮櫃', '下雪水晶球', '可愛音樂播放器', '木製矮桌', '茶具組合']"
26783,Timbra,つかさ,阿司,shp10,10/21,等啊,"['綠色', '棕色']",K.K.情歌,♀,學術,成熟,羊,shp10_347_Timbra,米色裝飾線板壁紙,深色拼花地板,"['搖椅', '圓木床鋪', '圓木沙發', '木製矮桌', '圓木壁掛鐘', '咖啡杯', '古董衣櫥', '圓木裝飾架', '壁爐', '樹果燈', '小樹果樹', '平衡玩具', '樹果掛飾', '黃色波斯地毯']"
26784,Frita,ウェンディ,溫蒂,shp11,7/16,薯薯,"['黃色', '紅色']",K.K.鄉村搖滾,♀,音樂,大姐姐,羊,shp11_348_Frita,桃紅色餐館牆,黃色花朵地板,"['點唱機', '自動販賣機', '甜點自動販賣機', '糖果機', '菜單黑板', '餐館霓虹燈招牌', '餐館餐桌', '咖啡杯', '餐館吧台桌', '義式咖啡機', '霜淇淋檯燈']"
26785,Muffy,フリル,彭澎,shp12,2/14,辛苦了,"['黑色', '紫色']",K.K.奏鳴曲,♀,音樂,大姐姐,羊,shp12_349_Muffy,黑色植物圖案磚牆,紫色摩洛哥磚地板,"['紡車', '木製凳子', '百合唱片播放器', '鑄鐵衣櫃', '舊式縫紉機', '倒掛乾燥花', '滾筒式洗衣機', '藤編毛巾籃', '燙衣板', '古董床鋪', '鑄鐵木DIY桌', '鑄鐵工作桌', '鑄鐵玄關地墊', '針線工具箱', '縫紉機']"
26786,Pietro,ジュペッティ,皮耶羅,shp13,4/19,丑丑,"['七彩', '紅色']",K.K.嘉年華,♂,音樂,自戀,羊,shp13_350_Pietro,雲上風景牆,雲上風景,"['點唱機', '轉盤', '轉盤', '彈簧遊樂器材', '彈簧遊樂器材', '棉花糖小吃攤', '新月椅', '新月椅']"
26787,Dom,ちゃちゃまる,茶茶丸,shp15,3/18,哇耶,"['紅色', '七彩']",K.K.鄉村,♂,玩耍,運動,羊,shp15_351_Dom,後院牆,草坪地板,"['乾草床鋪', '雙卡帶收音機', '圓木凳子', '柴火', '充氣沙發', '圓木樁', '割草機', '圓木樁', '圓木長椅', '圓木樁', '窯烤爐', '花園水龍頭', '野餐籃', '圓木樁']"
26788,Peanut,ももこ,小桃,squ00,6/8,就是唷,"['紅色', '七彩']",森林生活,♀,時尚,活力,松鼠,squ00_352_Peanut,紅色可愛牆,白色可愛磁磚地板,"['可愛床鋪', '可愛梳妝台', '可愛衣櫃', '液晶電視 50吋', '可愛落地燈', '抱枕', '馬克杯', '可愛茶桌', '可愛音樂播放器', '可愛DIY桌', '軟木佈告欄', '粉紅色愛心地毯', '可愛壁掛鐘']"
26789,Blaire,シルエット,小影,squ01,7/3,哼哼,"['橘子', '棕色']",K.K.巴薩諾瓦,♀,時尚,成熟,松鼠,squ01_353_Blaire,美麗玻璃牆,金色鑄鐵拼花地板,"['鑄鐵木DIY桌', '東方風屏風', '倒掛乾燥花', '玫瑰床鋪', '中型紫色簡約地墊', '百合唱片播放器', '菊花抱枕', '倒掛乾燥花', '倒掛乾燥花', '鑄鐵玄關地墊', '藤編矮桌', '火鶴花', '擴香棒', '藤編邊桌', '風信子燈', '高架花籃']"
26790,Filbert,リッキー,瑞奇,squ02,6/3,是囉,"['藍色', '白色']",藍色飯糰,♂,大自然,悠閒,松鼠,squ02_354_Filbert,星空牆,藍色點點地毯,"['TOY衣櫃', '小型ＤＩＹ作業台', '新月椅', '木製單人床', '木製小桌', '星星掛旗', '木製小桌', '兒童認知海報', '星星時鐘', '星光', '積木凳子', '木製邊桌', '木製矮桌', '玩具箱', '星星掛旗', '黏土玩具', '可愛音樂播放器', '星星掛旗']"
26791,Pecan,レベッカ,雷貝嘉,squ03,9/10,正經,"['紫色', '米色']",K.K.情歌,♀,時尚,成熟,松鼠,squ03_355_Pecan,米色裝飾線板壁紙,白色簡約地毯,"['古董床鋪', '古董玄關桌', '擺鐘', '古董衣櫥', '古董梳妝台', '高級音響', '古董寫字桌', '古董椅子', '古董小桌', '轉盤式電話', '中型茶色簡約地墊', '火鶴花']"
26792,Nibbles,ガリガリ,咬咬,squ04,7/19,咯吱咯吱,"['紅色', '黃色']",K.K.迪斯可,♀,時尚,活力,松鼠,squ04_356_Nibbles,梨子壁紙,黃綠色摩洛哥磚地板,"['蘋果電視', '絲蘭', '軟木佈告欄', '雙人座沙發', '乒乓球桌', '梨子床鋪', '自然風花園桌', '未完成的拼圖', '橘子邊桌', '自然風花園椅', '電動滑板車', '木製穿衣鏡', '可愛音樂播放器']"
26793,Agent S,２ごう,阿二,squ05,7/2,嘿唷,"['藍色', '黑色']",衝吧！K.K.摩托車手,♀,健康,活力,松鼠,squ05_357_Agent%20S,混凝土牆,彩色拼接地毯,"['單槓架', '藍色轉角', '沙灘巾', '浴缸', '楓葉牆', '東方風屏風', '木製凳子', '雙卡帶收音機', 'TOY壁鐘', '木製矮櫃', 'TOY公仔', '茶色木甲板地毯', '曬衣架']"
26794,Caroline,キャロライン,賈蘿琳,squ06,7/15,你,"['七彩', '白色']",思考中,♀,音樂,普通,松鼠,squ06_358_Caroline,漫畫圖書館牆,木節地板,"['樸素洗臉台', '瑜伽球', '迷你冰箱', '攜帶型收音機', '書房椅子', '辦公室椅子', '鑄鐵木收納推車', '傳真機', '辦公室桌子', '辦公室桌子', '辦公室桌子', '漫畫用具組合', '漫畫用具組合', '漫畫用具組合', '高架花籃', '簽名板']"
26795,Sally,ララミー,拉拉米,squ07,6/19,要是,"['白色', '米色']",只有我,♀,音樂,普通,松鼠,squ07_359_Sally,黃色布牆,深色拼花地板,"['木製單人床', '瓦斯爐連烤箱', '抱枕', '木製矮桌', '媽媽蠟燭', '黃色菱格紋地毯', '木製小桌', '迷你冰箱', '木製穿衣鏡', '小樹果樹', '廚房掛勾', '樹果掛飾', '切菜板', '鑄鐵木時鐘', '木製矮櫃', '木製邊桌', '手提唱片播放機', '飾品架', '黃色菱格紋地毯', '樹果燈']"
26796,Static,スパーク,閃電,squ08,7/9,閃閃,"['黑色', '黃色']",電吉他樂曲,♂,音樂,暴躁,松鼠,squ08_360_Static,混凝土牆,骷髏地板,"['ＤＩＹ作業台', '多媒體音響', '藤編邊桌', '電吉他ES2', '藤編沙發', '藤編床鋪', '電動滑板車', '電吉他ES1', '壁掛式工具掛勾', '鑄鐵木時鐘', '鑄鐵壁燈', '工具推車', '電子工具組合']"
26797,Mint,ミント,小敏,squ09,5/2,喔哼,"['粉色', '紫色']",K.K.靈魂樂,♀,時尚,成熟,松鼠,squ09_361_Mint,藍色地鐵磚牆,薄荷綠點點地毯,"['藤編床鋪', '藤編沙發', '百合唱片播放器', '藤編衣櫃', '藤編邊桌', '淋浴間', '藤編梳妝台', '樸素洗臉台', '倒掛乾燥花', '毛巾架', '藤編矮桌', '茶具組合']"
26798,Ricky,カジロウ,嘉治,squ10,9/14,炯炯,"['藍色', '紅色']",K.K.非洲音樂,♂,學術,暴躁,松鼠,squ10_362_Ricky,樹海牆,泥沼地板,"['樸素DIY作業台', '石水盆', '洗衣盆', '冰之棒', '乾草床鋪', '冰之棒', '舊草蓆', '圓木凳子', '油燈', '冰之棒', '冰之棒', '圓木長椅', '攜帶型收音機', '露營爐具']"
26799,Cally,パセリ,小芹,squ11,9/4,啦啦,"['紅色', '綠色']",散散步,♀,大自然,普通,松鼠,squ11_363_Cally,後院牆,草原地板,"['百合唱片播放器', '花園燈', '飲水處', '鞦韆椅', '吊床', '大樹果樹', '地精擺飾', '鳥巢屋', '自然風花園桌', '野餐籃']"
26800,Tasha,ナターシャ,娜塔麗,squ13,11/30,做得好,"['米色', '灰色']",K.K.電子民謠,♀,健康,成熟,松鼠,squ13_364_Tasha,暴風雨夜晚牆,玫瑰木地板,"['鑄鐵衣帽立架', '玫瑰床鋪', '直立式鋼琴', '鑄鐵玄關地墊', '紅地毯', '鋼琴圓椅', '壁掛式電視 50吋', '雨傘架', '龜背芋', '古董玄關桌', '木製穿衣鏡', '藤編矮桌', '手提唱片播放機', '擴香棒']"
26801,Sylvana,もんぺ,孟珮,squ14,10/22,咻,"['綠色', '紫色']",春暖花開,♀,大自然,普通,松鼠,squ14_365_Sylvana,櫻花樹牆,櫻花地毯,"['櫻花樹枝', '賞花組合', '野餐籃', '彩色塑膠墊', '彩色塑膠墊', '石水盆～櫻花～', '櫻花花瓣堆', '賞花提燈', '賞花提燈', '竹製便當盒', '雙卡帶收音機', '賞花提燈']"
26802,Poppy,グミ,軟糖,squ15,8/5,甜甜,"['綠色', '黃色']",森林生活,♀,學術,普通,松鼠,squ15_366_Poppy,楓葉牆,楓葉地板,"['樸素DIY作業台', '圓木花園躺椅', '樹果拱門', '木製水桶', '圓木圓桌', '圓木長椅', '微型圖書館', '平衡玩具', '野餐籃', '圓木凳子', '手提唱片播放機', '落葉炊火']"
26803,Sheldon,クリス,克栗斯,squ16,2/26,鼓栗鼓栗,"['綠色', '黃色']",K.K.鄉村,♂,玩耍,運動,松鼠,squ16_367_Sheldon,蘑菇森林牆,蘑菇森林地板,"['樸素DIY作業台', '落葉炊火', '蘑菇屏風', '蘑菇凳子', '蘑菇陽傘', '蘑菇燈', '圓木花園躺椅', '蘑菇燈', '蘑菇桌', '馬克杯', '蘑菇樹幹', '卡帶收音機']"
26804,Marshal,ジュン,小潤,squ17,9/29,不管怎樣,"['淺藍', '藍色']",K.K.巴薩諾瓦,♂,音樂,自戀,松鼠,squ17_368_Marshal,藍色碎花壁紙,拼木地板,"['雙人座沙發', '直立式鋼琴', '鋼琴椅子', '迷你冰箱', '糖＆牛奶', '層架式廚房', '開水壺', '藍色廚房地墊', '鑄鐵木櫥櫃', '鑄鐵工作桌', '布穀鳥鐘', '鑄鐵玄關地墊', '手提唱片播放機', '咖啡磨豆機', '義式咖啡機', '濃縮咖啡機', '菜單黑板', '鑄鐵木矮桌', '咖啡杯']"
26805,Hazel,アイリス,艾栗絲,squ18,8/30,當然囉,"['紅色', '黃色']",歐陸節拍,♀,玩耍,大姐姐,松鼠,squ18_369_Hazel,練功房牆,木節地板,"['摺疊椅', '乒乓球桌', '乒乓球桌', '籃框', '球', '卡帶收音機', '壁鐘', '優勝旗']"
26806,Rolf,チョモラン,朱穆朗,tig00,8/22,王,"['藍色', '黑色']",秘魯之歌,♂,健康,暴躁,虎,tig00_370_Rolf,山頂牆,河流地板,"['洗衣盆', '樸素DIY作業台', '柴火', '野營飯盒', '睡袋', '石凳子', '露營爐具', '油燈', '野外圓木長椅', '攜帶型收音機']"
26807,Rowan,ゴメス,戈麥斯,tig01,8/26,完全,"['淺藍', '灰色']",電吉他樂曲,♂,健康,運動,虎,tig01_371_Rowan,竹子牆,虎紋地毯,"['復活節地板', '東方風矮桌', '屏風', '東方風床鋪', '竹花瓶', '東方風矮櫃', '手提唱片播放機', '紙老虎', '東方風裝飾架']"
26808,Tybalt,ハリマオ,谷豐,tig02,8/19,虎虎,"['藍色', '紫色']",K.K.律動,♂,玩耍,運動,虎,tig02_372_Tybalt,藍色油漆牆,虎紋地毯,"['舉重椅', '電動滑板車', '餐館吧台椅', '單槓架', '餐館吧台桌', 'ＤＩＹ作業台', '上下鋪', '工具推車', '餐館沙發', '可愛音樂播放器', '壁掛式工具掛勾', 'TOY壁鐘']"
26809,Bangle,ルーズ,盧姿,tig03,8/27,是喔,"['黃色', '綠色']",K.K.靈魂樂,♀,時尚,活力,虎,tig03_373_Bangle,黃色布牆,藍色花朵地板,"['木製穿衣鏡', '木製矮桌', '可愛音樂播放器', '對開冰箱', '空調', '雙人座沙發', '木製雙人床', '木製邊桌', '磁鐵刀架', '木製矮櫃', '薰香台', '鑄鐵木廚房', '瀝水碗架', '小熊熊']"
26810,Leonardo,ヒョウタ,阿彪,tig04,5/15,但是,"['紅色', '藍色']",K.K.金屬搖滾,♂,健康,運動,虎,tig04_374_Leonardo,骷髏壁紙,豹紋地板,"['唱片箱', '餐館小桌', '餐館吧台椅', '鑄鐵木DIY桌', '鑄鐵木床鋪', '工具架', '電吉他ES1', '音效機櫃', '效果器組合', '工具推車', '紙箱', '工具箱', '筆記型電腦', '復古立體音響']"
26811,Claudia,マリリン,馬麗蓮,tig05,11/22,啊哈,"['紫色', '白色']",K.K.電子民謠,♀,音樂,成熟,虎,tig05_375_Claudia,夜景牆,紅色簡約地毯,"['古董床鋪', '雙人座沙發', '高級音響', '層架式廚房', '東方風屏風', '按摩浴缸', '東方風屏風', '毛巾架', '古董玄關桌', '水果桶裝飲水機', '水果籃', '淋浴組合']"
26812,Bianca,コユキ,小雪,tig06,12/13,雪豹,"['粉色', '橘子']",K.K.浩室,♀,玩耍,活力,虎,tig06_376_Bianca,白色磚塊牆,豹紋地板,"['冰箱', '藤編床鋪', '木製矮桌', '木製衣櫃', '木製穿衣鏡', '餐館沙發', '藤編邊桌', '可愛茶桌', '鑄鐵木廚房', '加濕器', '果汁機', '切菜板', '鑄鐵壁架']"
26813,Chief,チーフ,施傅,wol00,12/19,不是嘛,"['白色', '灰色']",K.K.50年代搖滾,♂,音樂,暴躁,狼,wol00_377_Chief,街頭藝術牆,畫室地板,"['紙箱床鋪', '飾品架', '書堆', '塑膠桶', '垃圾袋', '鑄鐵木椅', '卡帶收音機', '導演椅', '戒指', '紙箱', '水彩用具組合', '簽名板', 'K.K.50年代搖滾', '唱片箱', '藍色塑膠墊', '書擋']"
26814,Lobo,ブンジロウ,潘奇隆,wol01,11/5,不然呢,"['黑色', '米色']",K.K.搖滾,♂,學術,暴躁,狼,wol01_378_Lobo,不規則石頭牆,玫瑰木地板,"['多媒體音響', '圓木壁掛鐘', '壁掛式工具掛勾', '圓木床鋪', '圓木長沙發', '保冷箱', '圓木裝飾架', '圓木圓桌', '花邊結壁毯', '西洋棋', '鑄鐵木DIY桌', '鑰匙掛勾', '掃把畚箕組']"
26815,Wolfgang,ロボ,羅博,wol02,11/25,羅羅,"['黑色', '綠色']",鼓打貝斯,♂,學術,暴躁,狼,wol02_379_Wolfgang,深色嵌木牆,條紋地板,"['柴火暖爐', '茶色木甲板地毯', '茶色木甲板地毯', '鑄鐵木時鐘', '對開冰箱', '鑄鐵木廚房', '鑄鐵木矮櫃', '手提唱片播放機', '鑄鐵木床鋪', '鑄鐵壁架', '鑄鐵木櫥櫃', '三角旗', '微波爐', '鑄鐵木矮桌', '烤吐司機', '鑄鐵木椅', '盒裝面紙', '乳清蛋白搖搖杯']"
26816,Whitney,ビアンカ,畢安卡,wol03,9/17,漂亮,"['藍色', '淺藍']",K.K.靈魂樂,♀,時尚,成熟,狼,wol03_380_Whitney,藍色布牆,藍色油漆地板,"['玫瑰床鋪', '木製穿衣鏡', '積木凳子', '高級音響', '鑄鐵衣帽立架', '藤編邊桌', '壁掛式電視 50吋', '戒指', '壁爐', '灰階配色點點地墊', '擴香棒', '藤編衣櫃', '中央暖氣']"
26817,Dobie,けん,阿研,wol04,2/17,咳呵,"['棕色', '米色']",K.K.刑警,♂,大自然,暴躁,狼,wol04_381_Dobie,圖書館牆,深色人字斜紋地板,"['書房椅子', '鑄鐵衣帽立架', '書堆', '黃色波斯地毯', '古董玄關桌', '擺鐘', '轉盤式電話', '散亂的紙張', '白板', '紙箱', '文件堆', '紙箱', '古董小桌', '書房桌子', '留聲機', '書堆', '文思泉湧寫作文具組合', '打字機']"
26818,Freya,ツンドラ,冰冰,wol05,12/14,就是說哇,"['綠色', '藍色']",愛爾蘭樂曲,♀,時尚,成熟,狼,wol05_382_Freya,舞台布幕牆,玫瑰地毯,"['古董床鋪', '古董梳妝台', '古董椅子', '古董椅子', '樂譜架', '中央暖氣', '古董小桌', '小提琴', '古董桌', '壁爐', '留聲機', '玻璃燭台', '俄羅斯套娃']"
26819,Fang,シベリア,史培亞,wol06,12/18,這倒是,"['白色', '淺藍']",哥薩克樂曲,♂,學術,暴躁,狼,wol06_383_Fang,美麗玻璃牆,棕色六角磚地板,"['古董床鋪', '高級音響', '雙人座沙發', '古董寫字桌', '古董時鐘', '古董玄關桌', '下雪水晶球', '壁爐', '書擋', '落地燈']"
26820,Vivian,ヴァネッサ,范妮莎,wol08,1/26,喔呵呵,"['灰色', '紫色']",都市K.K.,♀,學術,成熟,狼,wol08_384_Vivian,白色磚塊牆,深色嵌木地板,"['淋浴間', '鑄鐵木廚房', '東方風屏風', '藤編床鋪', '藤編沙發', '壁掛式電視 20吋', '磁鐵刀架', '藤編邊桌', '手提唱片播放機', '藤編矮桌', '廚房掛勾', '美甲組合', '古董玄關桌', '飾品架', '桌鏡', '倒掛乾燥花']"
26821,Skye,リリィ,百合,wol09,3/24,花花,"['藍色', '白色']",森林生活,♀,音樂,普通,狼,wol09_385_Skye,藍色愛心壁紙,白色簡約地毯,"['百合唱片播放器', '雙人座沙發', '倒掛乾燥花', '木製單人床', '鋼琴椅子', '直立式鋼琴', '木製桌', '雪花地毯', '糖＆牛奶', '木製矮櫃', '加濕器', '木製邊桌', '打鈴鬧鐘', '火鶴花']"
26822,Kyle,リカルド,李可,wol10,12/6,喔耶,"['黑色', '白色']",K.K.金屬搖滾,♂,音樂,自戀,狼,wol10_386_Kyle,灰色鐵皮牆,鐵板地板,"['三角架鋼琴', '鋼琴椅子', '爵士鼓組合', '音效機櫃', '手提唱片播放機', '直立式麥克風', '電吉他ES2', '攝影棚錄影機', '擴音器', '紙箱床鋪']"
26823,Audie,モニカ,莫妮卡,wol12,8/31,呀哈,"['綠色', '白色']",動物島,♀,健康,活力,狼,wol12_387_Audie,南方海洋牆,綠色花朵地板,"['藤編邊桌', '卡帶收音機', '層架式廚房', '餐館霓虹燈招牌', '菜單黑板', '對開冰箱', '紙箱', '水果籃', '壁掛式風扇', '藤編矮桌', '椰子水', '黃色廚房地墊', '棕櫚樹燈']"
